Payer,MS-DRG,Description,Payer Specific Negotiated Charge
First Choice,74,Cranial And Peripheral Nerve Disorders Without Mcc,32521
First Choice,177,Respiratory Infections And Inflammations With Mcc,24263
First Choice,193,Simple Pneumonia And Pleurisy With Mcc,20062
First Choice,196,Interstitial Lung Disease With Mcc,14891
First Choice,234,Coronary Bypass With Cardiac Catheterization Or Open Ablation Without Mcc,111761
First Choice,236,Coronary Bypass Without Cardiac Catheterization Without Mcc,137397
First Choice,271,Other Major Cardiovascular Procedures With Cc,41350
First Choice,280,"Acute Myocardial Infarction, Discharged Alive With Mcc",27691
First Choice,282,"Acute Myocardial Infarction, Discharged Alive Without Cc/Mcc",7154
First Choice,331,Major Small And Large Bowel Procedures Without Cc/Mcc,53067
First Choice,433,Cirrhosis And Alcoholic Hepatitis With Cc,23518
First Choice,440,Disorders Of Pancreas Except Malignancy Without Cc/Mcc,16501
First Choice,455,Combined Anterior And Posterior Spinal Fusion Without Cc/Mcc,68441
First Choice,472,Cervical Spinal Fusion With Cc,52422
First Choice,659,Kidney And Ureter Procedures For Non-Neoplasm With Mcc,25618
First Choice,661,Kidney And Ureter Procedures For Non-Neoplasm Without Cc/Mcc,15347
First Choice,683,Renal Failure With Cc,18218
First Choice,769,Postpartum And Post Abortion Diagnoses With O.R. Procedures,26520
First Choice,776,Postpartum And Post Abortion Diagnoses Without O.R. Procedures,14129
First Choice,786,Cesarean Section Without Sterilization With Mcc,28344
First Choice,788,Cesarean Section Without Sterilization Without Cc/Mcc,19079
First Choice,790,"Extreme Immaturity Or Respiratory Distress Syndrome, Neonate",171232
First Choice,791,Prematurity With Major Problems,86030
First Choice,793,Full Term Neonate With Major Problems,17863
First Choice,794,Neonate With Other Significant Problems,3947
First Choice,795,Normal Newborn,2456
First Choice,805,Vaginal Delivery Without Sterilization Or D&C With Mcc,17163
First Choice,806,Vaginal Delivery Without Sterilization Or D&C With Cc,13549
First Choice,807,Vaginal Delivery Without Sterilization Or D&C Without Cc/Mcc,12570
First Choice,831,Other Antepartum Diagnoses Without O.R. Procedures With Mcc,11345
First Choice,833,Other Antepartum Diagnoses Without O.R. Procedures Without Cc/Mcc,6204
First Choice,866,Viral Illness Without Mcc,9570
First Choice,872,Septicemia Or Severe Sepsis Without Mv >96 Hours Without Mcc,9522
First Choice,958,Other O.R. Procedures For Multiple Significant Trauma With Cc,75012
