Payer,MS-DRG,Description,Payer Specific Negotiated Charge
Medicaid Managed Care - Amerigroup,4,"Tracheostomy With Mv >96 Hours Or Principal Diagnosis Except Face, Mouth And Neck Without Major O.R.",88698
Medicaid Managed Care - Amerigroup,36,Carotid Artery Stent Procedures Without Cc/Mcc,8923
Medicaid Managed Care - Amerigroup,38,Extracranial Procedures With Cc,23682
Medicaid Managed Care - Amerigroup,57,Degenerative Nervous System Disorders Without Mcc,12152
Medicaid Managed Care - Amerigroup,62,"Ischemic Stroke, Precerebral Occlusion Or Transient Ischemia With Thrombolytic Agent With Cc",12771
Medicaid Managed Care - Amerigroup,64,Intracranial Hemorrhage Or Cerebral Infarction With Mcc,14571
Medicaid Managed Care - Amerigroup,65,Intracranial Hemorrhage Or Cerebral Infarction With Cc Or Tpa In 24 Hours,12071
Medicaid Managed Care - Amerigroup,69,Transient Ischemia Without Thrombolytic,6147
Medicaid Managed Care - Amerigroup,138,Mouth Procedures Without Cc/Mcc,4985
Medicaid Managed Care - Amerigroup,141,Major Head And Neck Procedures With Cc,15018
Medicaid Managed Care - Amerigroup,163,Major Chest Procedures With Mcc,24084
Medicaid Managed Care - Amerigroup,164,Major Chest Procedures With Cc,15182
Medicaid Managed Care - Amerigroup,175,Pulmonary Embolism With Mcc Or Acute Cor Pulmonale,12488
Medicaid Managed Care - Amerigroup,176,Pulmonary Embolism Without Mcc,4410
Medicaid Managed Care - Amerigroup,179,Respiratory Infections And Inflammations Without Cc/Mcc,3839
Medicaid Managed Care - Amerigroup,200,Pneumothorax With Cc,5120
Medicaid Managed Care - Amerigroup,202,Bronchitis And Asthma With Cc/Mcc,4142
Medicaid Managed Care - Amerigroup,203,Bronchitis And Asthma Without Cc/Mcc,3118
Medicaid Managed Care - Amerigroup,207,Respiratory System Diagnosis With Ventilator Support >96 Hours,52160
Medicaid Managed Care - Amerigroup,217,Cardiac Valve And Other Major Cardiothoracic Procedures With Cardiac Catheterization With Cc,76201
Medicaid Managed Care - Amerigroup,219,Cardiac Valve And Other Major Cardiothoracic Procedures Without Cardiac Catheterization With Mcc,87650
Medicaid Managed Care - Amerigroup,232,Coronary Bypass With Ptca Without Mcc,56826
Medicaid Managed Care - Amerigroup,234,Coronary Bypass With Cardiac Catheterization Or Open Ablation Without Mcc,46466
Medicaid Managed Care - Amerigroup,242,Permanent Cardiac Pacemaker Implant With Mcc,20407
Medicaid Managed Care - Amerigroup,246,Percutaneous Cardiovascular Procedures With Drug-Eluting Stent With Mcc Or 4+ Arteries Or Stents,26706
Medicaid Managed Care - Amerigroup,247,Percutaneous Cardiovascular Procedures With Drug-Eluting Stent Without Mcc,20388
Medicaid Managed Care - Amerigroup,280,"Acute Myocardial Infarction, Discharged Alive With Mcc",8914
Medicaid Managed Care - Amerigroup,287,"Circulatory Disorders Except Ami, With Cardiac Catheterization Without Mcc",9938
Medicaid Managed Care - Amerigroup,292,Heart Failure And Shock With Cc,7950
Medicaid Managed Care - Amerigroup,293,Heart Failure And Shock Without Cc/Mcc,7216
Medicaid Managed Care - Amerigroup,308,Cardiac Arrhythmia And Conduction Disorders With Mcc,8420
Medicaid Managed Care - Amerigroup,330,Major Small And Large Bowel Procedures With Cc,16042
Medicaid Managed Care - Amerigroup,331,Major Small And Large Bowel Procedures Without Cc/Mcc,10893
Medicaid Managed Care - Amerigroup,344,Minor Small And Large Bowel Procedures With Mcc,14295
Medicaid Managed Care - Amerigroup,356,Other Digestive System O.R. Procedures With Mcc,38710
Medicaid Managed Care - Amerigroup,357,Other Digestive System O.R. Procedures With Cc,13820
Medicaid Managed Care - Amerigroup,370,Major Esophageal Disorders Without Cc/Mcc,8580
Medicaid Managed Care - Amerigroup,372,Major Gastrointestinal Disorders And Peritoneal Infections With Cc,7599
Medicaid Managed Care - Amerigroup,377,Gastrointestinal Hemorrhage With Mcc,10229
Medicaid Managed Care - Amerigroup,378,Gastrointestinal Hemorrhage With Cc,6293
Medicaid Managed Care - Amerigroup,379,Gastrointestinal Hemorrhage Without Cc/Mcc,8052
Medicaid Managed Care - Amerigroup,381,Complicated Peptic Ulcer With Cc,4470
Medicaid Managed Care - Amerigroup,390,Gastrointestinal Obstruction Without Cc/Mcc,4517
Medicaid Managed Care - Amerigroup,392,"Esophagitis, Gastroenteritis And Miscellaneous Digestive Disorders Without Mcc",3584
Medicaid Managed Care - Amerigroup,394,Other Digestive System Diagnoses With Cc,4290
Medicaid Managed Care - Amerigroup,395,Other Digestive System Diagnoses Without Cc/Mcc,7190
Medicaid Managed Care - Amerigroup,418,Laparoscopic Cholecystectomy Without C.D.E. With Cc,15723
Medicaid Managed Care - Amerigroup,421,Hepatobiliary Diagnostic Procedures With Cc,11371
Medicaid Managed Care - Amerigroup,432,Cirrhosis And Alcoholic Hepatitis With Mcc,14014
Medicaid Managed Care - Amerigroup,433,Cirrhosis And Alcoholic Hepatitis With Cc,8247
Medicaid Managed Care - Amerigroup,435,Malignancy Of Hepatobiliary System Or Pancreas With Mcc,18164
Medicaid Managed Care - Amerigroup,438,Disorders Of Pancreas Except Malignancy With Mcc,13182
Medicaid Managed Care - Amerigroup,439,Disorders Of Pancreas Except Malignancy With Cc,9591
Medicaid Managed Care - Amerigroup,440,Disorders Of Pancreas Except Malignancy Without Cc/Mcc,4171
Medicaid Managed Care - Amerigroup,445,Disorders Of The Biliary Tract With Cc,12743
Medicaid Managed Care - Amerigroup,446,Disorders Of The Biliary Tract Without Cc/Mcc,5984
Medicaid Managed Care - Amerigroup,455,Combined Anterior And Posterior Spinal Fusion Without Cc/Mcc,32289
Medicaid Managed Care - Amerigroup,470,Major Hip And Knee Joint Replacement Or Reattachment Of Lower Extremity Without Mcc,18855
Medicaid Managed Care - Amerigroup,472,Cervical Spinal Fusion With Cc,14485
Medicaid Managed Care - Amerigroup,480,Hip And Femur Procedures Except Major Joint With Mcc,25224
Medicaid Managed Care - Amerigroup,485,Knee Procedures With Principal Diagnosis Of Infection With Mcc,33345
Medicaid Managed Care - Amerigroup,500,Soft Tissue Procedures With Mcc,24168
Medicaid Managed Care - Amerigroup,515,Other Musculoskeletal System And Connective Tissue O.R. Procedures With Mcc,21870
Medicaid Managed Care - Amerigroup,551,Medical Back Problems With Mcc,9571
Medicaid Managed Care - Amerigroup,552,Medical Back Problems Without Mcc,9870
Medicaid Managed Care - Amerigroup,558,"Tendonitis, Myositis And Bursitis Without Mcc",10109
Medicaid Managed Care - Amerigroup,571,Skin Debridement With Cc,11378
Medicaid Managed Care - Amerigroup,602,Cellulitis With Mcc,5257
Medicaid Managed Care - Amerigroup,603,Cellulitis Without Mcc,4850
Medicaid Managed Care - Amerigroup,604,"Trauma To The Skin, Subcutaneous Tissue And Breast With Mcc",9359
Medicaid Managed Care - Amerigroup,614,Adrenal And Pituitary Procedures With Cc/Mcc,14590
Medicaid Managed Care - Amerigroup,637,Diabetes With Mcc,5550
Medicaid Managed Care - Amerigroup,638,Diabetes With Cc,7503
Medicaid Managed Care - Amerigroup,639,Diabetes Without Cc/Mcc,5456
Medicaid Managed Care - Amerigroup,640,"Miscellaneous Disorders Of Nutrition, Metabolism, Fluids And Electrolytes With Mcc",5592
Medicaid Managed Care - Amerigroup,641,"Miscellaneous Disorders Of Nutrition, Metabolism, Fluids And Electrolytes Without Mcc",7558
Medicaid Managed Care - Amerigroup,643,Endocrine Disorders With Mcc,8840
Medicaid Managed Care - Amerigroup,658,Kidney And Ureter Procedures For Neoplasm Without Cc/Mcc,17203
Medicaid Managed Care - Amerigroup,660,Kidney And Ureter Procedures For Non-Neoplasm With Cc,9147
Medicaid Managed Care - Amerigroup,673,Other Kidney And Urinary Tract Procedures With Mcc,31320
Medicaid Managed Care - Amerigroup,683,Renal Failure With Cc,12962
Medicaid Managed Care - Amerigroup,684,Renal Failure Without Cc/Mcc,3288
Medicaid Managed Care - Amerigroup,690,Kidney And Urinary Tract Infections Without Mcc,4496
Medicaid Managed Care - Amerigroup,698,Other Kidney And Urinary Tract Diagnoses With Mcc,10966
Medicaid Managed Care - Amerigroup,743,Uterine And Adnexa Procedures For Non-Malignancy Without Cc/Mcc,14238
Medicaid Managed Care - Amerigroup,768,Vaginal Delivery With O.R. Procedures Except Sterilization And/Or D&C,6341
Medicaid Managed Care - Amerigroup,776,Postpartum And Post Abortion Diagnoses Without O.R. Procedures,2921
Medicaid Managed Care - Amerigroup,785,Cesarean Section With Sterilization Without Cc/Mcc,11357
Medicaid Managed Care - Amerigroup,786,Cesarean Section Without Sterilization With Mcc,11020
Medicaid Managed Care - Amerigroup,787,Cesarean Section Without Sterilization With Cc,8511
Medicaid Managed Care - Amerigroup,788,Cesarean Section Without Sterilization Without Cc/Mcc,6490
Medicaid Managed Care - Amerigroup,790,"Extreme Immaturity Or Respiratory Distress Syndrome, Neonate",39094
Medicaid Managed Care - Amerigroup,791,Prematurity With Major Problems,30955
Medicaid Managed Care - Amerigroup,793,Full Term Neonate With Major Problems,6040
Medicaid Managed Care - Amerigroup,795,Normal Newborn,1065
Medicaid Managed Care - Amerigroup,796,Vaginal Delivery With Sterilization And/Or D&C With Mcc,8687
Medicaid Managed Care - Amerigroup,798,Vaginal Delivery With Sterilization And/Or D&C Without Cc/Mcc,7381
Medicaid Managed Care - Amerigroup,805,Vaginal Delivery Without Sterilization Or D&C With Mcc,4461
Medicaid Managed Care - Amerigroup,806,Vaginal Delivery Without Sterilization Or D&C With Cc,5343
Medicaid Managed Care - Amerigroup,807,Vaginal Delivery Without Sterilization Or D&C Without Cc/Mcc,4583
Medicaid Managed Care - Amerigroup,812,Red Blood Cell Disorders Without Mcc,4517
Medicaid Managed Care - Amerigroup,817,Other Antepartum Diagnoses With O.R. Procedures With Mcc,7602
Medicaid Managed Care - Amerigroup,831,Other Antepartum Diagnoses Without O.R. Procedures With Mcc,7799
Medicaid Managed Care - Amerigroup,853,Infectious And Parasitic Diseases With O.R. Procedures With Mcc,50125
Medicaid Managed Care - Amerigroup,854,Infectious And Parasitic Diseases With O.R. Procedures With Cc,13273
Medicaid Managed Care - Amerigroup,856,Postoperative Or Post-Traumatic Infections With O.R. Procedures With Mcc,24036
Medicaid Managed Care - Amerigroup,862,Postoperative And Post-Traumatic Infections With Mcc,19693
Medicaid Managed Care - Amerigroup,870,Septicemia Or Severe Sepsis With Mv >96 Hours,64371
Medicaid Managed Care - Amerigroup,871,Septicemia Or Severe Sepsis Without Mv >96 Hours With Mcc,15328
Medicaid Managed Care - Amerigroup,872,Septicemia Or Severe Sepsis Without Mv >96 Hours Without Mcc,7379
Medicaid Managed Care - Amerigroup,885,Psychoses,6190
Medicaid Managed Care - Amerigroup,897,"Alcohol, Drug Abuse Or Dependence Without Rehabilitation Therapy Without Mcc",4389
Medicaid Managed Care - Amerigroup,917,Poisoning And Toxic Effects Of Drugs With Mcc,16229
Medicaid Managed Care - Amerigroup,947,Signs And Symptoms With Mcc,7910
Medicaid Managed Care - Amerigroup,948,Signs And Symptoms Without Mcc,5841
Medicaid Managed Care - Amerigroup,956,"Limb Reattachment, Hip And Femur Procedures For Multiple Significant Trauma",51374
Medicaid Managed Care - Amerigroup,981,Extensive O.R. Procedures Unrelated To Principal Diagnosis With Mcc,31283
Medicaid Managed Care - Amerigroup,982,Extensive O.R. Procedures Unrelated To Principal Diagnosis With Cc,15159
Medicaid Managed Care - Amerigroup,987,Non-Extensive O.R. Procedures Unrelated To Principal Diagnosis With Mcc,26829
