Payer,MS-DRG,Description,Payer Specific Negotiated Charge
Medicaid Managed Care - MODA,27,Craniotomy And Endovascular Intracranial Procedures Without Cc/Mcc,22163
Medicaid Managed Care - MODA,29,Spinal Procedures With Cc Or Spinal Neurostimulators,16956
Medicaid Managed Care - MODA,64,Intracranial Hemorrhage Or Cerebral Infarction With Mcc,17603
Medicaid Managed Care - MODA,73,Cranial And Peripheral Nerve Disorders With Mcc,11652
Medicaid Managed Care - MODA,152,Otitis Media And Uri With Mcc,8825
Medicaid Managed Care - MODA,164,Major Chest Procedures With Cc,22054
Medicaid Managed Care - MODA,195,Simple Pneumonia And Pleurisy Without Cc/Mcc,7046
Medicaid Managed Care - MODA,200,Pneumothorax With Cc,4981
Medicaid Managed Care - MODA,202,Bronchitis And Asthma With Cc/Mcc,10509
Medicaid Managed Care - MODA,233,Coronary Bypass With Cardiac Catheterization Or Open Ablation With Mcc,58509
Medicaid Managed Care - MODA,247,Percutaneous Cardiovascular Procedures With Drug-Eluting Stent Without Mcc,16040
Medicaid Managed Care - MODA,269,Aortic And Heart Assist Procedures Except Pulsation Balloon Without Mcc,23119
Medicaid Managed Care - MODA,270,Other Major Cardiovascular Procedures With Mcc,49023
Medicaid Managed Care - MODA,280,"Acute Myocardial Infarction, Discharged Alive With Mcc",8457
Medicaid Managed Care - MODA,281,"Acute Myocardial Infarction, Discharged Alive With Cc",8044
Medicaid Managed Care - MODA,283,"Acute Myocardial Infarction, Expired With Mcc",13880
Medicaid Managed Care - MODA,286,"Circulatory Disorders Except Ami, With Cardiac Catheterization With Mcc",13001
Medicaid Managed Care - MODA,287,"Circulatory Disorders Except Ami, With Cardiac Catheterization Without Mcc",9943
Medicaid Managed Care - MODA,292,Heart Failure And Shock With Cc,10444
Medicaid Managed Care - MODA,293,Heart Failure And Shock Without Cc/Mcc,7335
Medicaid Managed Care - MODA,309,Cardiac Arrhythmia And Conduction Disorders With Cc,5457
Medicaid Managed Care - MODA,310,Cardiac Arrhythmia And Conduction Disorders Without Cc/Mcc,3317
Medicaid Managed Care - MODA,313,Chest Pain,9599
Medicaid Managed Care - MODA,328,"Stomach, Esophageal And Duodenal Procedures Without Cc/Mcc",21828
Medicaid Managed Care - MODA,372,Major Gastrointestinal Disorders And Peritoneal Infections With Cc,10003
Medicaid Managed Care - MODA,373,Major Gastrointestinal Disorders And Peritoneal Infections Without Cc/Mcc,5280
Medicaid Managed Care - MODA,375,Digestive Malignancy With Cc,15301
Medicaid Managed Care - MODA,378,Gastrointestinal Hemorrhage With Cc,9477
Medicaid Managed Care - MODA,391,"Esophagitis, Gastroenteritis And Miscellaneous Digestive Disorders With Mcc",7255
Medicaid Managed Care - MODA,392,"Esophagitis, Gastroenteritis And Miscellaneous Digestive Disorders Without Mcc",7089
Medicaid Managed Care - MODA,394,Other Digestive System Diagnoses With Cc,9523
Medicaid Managed Care - MODA,445,Disorders Of The Biliary Tract With Cc,7996
Medicaid Managed Care - MODA,454,Combined Anterior And Posterior Spinal Fusion With Cc,47599
Medicaid Managed Care - MODA,455,Combined Anterior And Posterior Spinal Fusion Without Cc/Mcc,23762
Medicaid Managed Care - MODA,472,Cervical Spinal Fusion With Cc,13000
Medicaid Managed Care - MODA,519,Back And Neck Procedures Except Spinal Fusion With Cc,14030
Medicaid Managed Care - MODA,520,Back And Neck Procedures Except Spinal Fusion Without Cc/Mcc,10581
Medicaid Managed Care - MODA,552,Medical Back Problems Without Mcc,6317
Medicaid Managed Care - MODA,581,"Other Skin, Subcutaneous Tissue And Breast Procedures Without Cc/Mcc",9720
Medicaid Managed Care - MODA,602,Cellulitis With Mcc,8596
Medicaid Managed Care - MODA,616,"Amputation Of Lower Limb For Endocrine, Nutritional And Metabolic Disorders With Mcc",25240
Medicaid Managed Care - MODA,638,Diabetes With Cc,6143
Medicaid Managed Care - MODA,640,"Miscellaneous Disorders Of Nutrition, Metabolism, Fluids And Electrolytes With Mcc",14561
Medicaid Managed Care - MODA,642,Inborn And Other Disorders Of Metabolism,18755
Medicaid Managed Care - MODA,657,Kidney And Ureter Procedures For Neoplasm With Cc,20836
Medicaid Managed Care - MODA,768,Vaginal Delivery With O.R. Procedures Except Sterilization And/Or D&C,4591
Medicaid Managed Care - MODA,769,Postpartum And Post Abortion Diagnoses With O.R. Procedures,19386
Medicaid Managed Care - MODA,776,Postpartum And Post Abortion Diagnoses Without O.R. Procedures,4352
Medicaid Managed Care - MODA,785,Cesarean Section With Sterilization Without Cc/Mcc,7413
Medicaid Managed Care - MODA,788,Cesarean Section Without Sterilization Without Cc/Mcc,7771
Medicaid Managed Care - MODA,790,"Extreme Immaturity Or Respiratory Distress Syndrome, Neonate",31162
Medicaid Managed Care - MODA,791,Prematurity With Major Problems,15920
Medicaid Managed Care - MODA,792,Prematurity Without Major Problems,5509
Medicaid Managed Care - MODA,795,Normal Newborn,1227
Medicaid Managed Care - MODA,797,Vaginal Delivery With Sterilization And/Or D&C With Cc,8100
Medicaid Managed Care - MODA,798,Vaginal Delivery With Sterilization And/Or D&C Without Cc/Mcc,8125
Medicaid Managed Care - MODA,805,Vaginal Delivery Without Sterilization Or D&C With Mcc,3911
Medicaid Managed Care - MODA,806,Vaginal Delivery Without Sterilization Or D&C With Cc,4536
Medicaid Managed Care - MODA,807,Vaginal Delivery Without Sterilization Or D&C Without Cc/Mcc,5534
Medicaid Managed Care - MODA,833,Other Antepartum Diagnoses Without O.R. Procedures Without Cc/Mcc,2079
Medicaid Managed Care - MODA,853,Infectious And Parasitic Diseases With O.R. Procedures With Mcc,25823
Medicaid Managed Care - MODA,871,Septicemia Or Severe Sepsis Without Mv >96 Hours With Mcc,22481
Medicaid Managed Care - MODA,872,Septicemia Or Severe Sepsis Without Mv >96 Hours Without Mcc,6376
Medicaid Managed Care - MODA,907,Other O.R. Procedures For Injuries With Mcc,16479
