Payer,MS-DRG,Description,Payer Specific Negotiated Charge
UHC,4,"Tracheostomy With Mv >96 Hours Or Principal Diagnosis Except Face, Mouth And Neck Without Major O.R.",340808
UHC,25,Craniotomy And Endovascular Intracranial Procedures With Mcc,78055
UHC,85,Traumatic Stupor And Coma <1 Hour With Mcc,26742
UHC,99,Non-Bacterial Infection Of Nervous System Except Viral Meningitis Without Cc/Mcc,26614
UHC,101,Seizures Without Mcc,25983
UHC,153,Otitis Media And Uri Without Mcc,11819
UHC,158,Dental And Oral Diseases With Cc,29390
UHC,176,Pulmonary Embolism Without Mcc,16303
UHC,177,Respiratory Infections And Inflammations With Mcc,32181
UHC,195,Simple Pneumonia And Pleurisy Without Cc/Mcc,13921
UHC,200,Pneumothorax With Cc,36167
UHC,202,Bronchitis And Asthma With Cc/Mcc,9788
UHC,203,Bronchitis And Asthma Without Cc/Mcc,12608
UHC,207,Respiratory System Diagnosis With Ventilator Support >96 Hours,117679
UHC,208,Respiratory System Diagnosis With Ventilator Support <=96 Hours,28848
UHC,219,Cardiac Valve And Other Major Cardiothoracic Procedures Without Cardiac Catheterization With Mcc,321620
UHC,220,Cardiac Valve And Other Major Cardiothoracic Procedures Without Cardiac Catheterization With Cc,211906
UHC,223,"Cardiac Defibrillator Implant With Cardiac Catheterization With Ami, Hf Or Shock Without Mcc",171417
UHC,246,Percutaneous Cardiovascular Procedures With Drug-Eluting Stent With Mcc Or 4+ Arteries Or Stents,102005
UHC,250,Percutaneous Cardiovascular Procedures Without Coronary Artery Stent With Mcc,78041
UHC,269,Aortic And Heart Assist Procedures Except Pulsation Balloon Without Mcc,92695
UHC,270,Other Major Cardiovascular Procedures With Mcc,129841
UHC,287,"Circulatory Disorders Except Ami, With Cardiac Catheterization Without Mcc",34275
UHC,308,Cardiac Arrhythmia And Conduction Disorders With Mcc,35661
UHC,329,Major Small And Large Bowel Procedures With Mcc,66057
UHC,337,Peritoneal Adhesiolysis Without Cc/Mcc,59118
UHC,368,Major Esophageal Disorders With Mcc,23862
UHC,372,Major Gastrointestinal Disorders And Peritoneal Infections With Cc,32764
UHC,377,Gastrointestinal Hemorrhage With Mcc,31924
UHC,395,Other Digestive System Diagnoses Without Cc/Mcc,16435
UHC,417,Laparoscopic Cholecystectomy Without C.D.E. With Mcc,65819
UHC,420,Hepatobiliary Diagnostic Procedures With Mcc,66088
UHC,432,Cirrhosis And Alcoholic Hepatitis With Mcc,68123
UHC,435,Malignancy Of Hepatobiliary System Or Pancreas With Mcc,58219
UHC,439,Disorders Of Pancreas Except Malignancy With Cc,20342
UHC,441,"Disorders Of Liver Except Malignancy, Cirrhosis Or Alcoholic Hepatitis With Mcc",53546
UHC,454,Combined Anterior And Posterior Spinal Fusion With Cc,79680
UHC,455,Combined Anterior And Posterior Spinal Fusion Without Cc/Mcc,94488
UHC,480,Hip And Femur Procedures Except Major Joint With Mcc,105050
UHC,501,Soft Tissue Procedures With Cc,34458
UHC,516,Other Musculoskeletal System And Connective Tissue O.R. Procedures With Cc,44023
UHC,519,Back And Neck Procedures Except Spinal Fusion With Cc,46651
UHC,552,Medical Back Problems Without Mcc,18947
UHC,605,"Trauma To The Skin, Subcutaneous Tissue And Breast Without Mcc",27198
UHC,617,"Amputation Of Lower Limb For Endocrine, Nutritional And Metabolic Disorders With Cc",57486
UHC,639,Diabetes Without Cc/Mcc,20210
UHC,640,"Miscellaneous Disorders Of Nutrition, Metabolism, Fluids And Electrolytes With Mcc",37119
UHC,641,"Miscellaneous Disorders Of Nutrition, Metabolism, Fluids And Electrolytes Without Mcc",17028
UHC,660,Kidney And Ureter Procedures For Non-Neoplasm With Cc,29382
UHC,768,Vaginal Delivery With O.R. Procedures Except Sterilization And/Or D&C,19909
UHC,776,Postpartum And Post Abortion Diagnoses Without O.R. Procedures,6608
UHC,785,Cesarean Section With Sterilization Without Cc/Mcc,27016
UHC,787,Cesarean Section Without Sterilization With Cc,31191
UHC,788,Cesarean Section Without Sterilization Without Cc/Mcc,27747
UHC,790,"Extreme Immaturity Or Respiratory Distress Syndrome, Neonate",84067
UHC,791,Prematurity With Major Problems,91687
UHC,792,Prematurity Without Major Problems,4889
UHC,793,Full Term Neonate With Major Problems,7111
UHC,794,Neonate With Other Significant Problems,4760
UHC,795,Normal Newborn,4435
UHC,805,Vaginal Delivery Without Sterilization Or D&C With Mcc,22714
UHC,806,Vaginal Delivery Without Sterilization Or D&C With Cc,20563
UHC,809,Major Hematological And Immunological Diagnoses Except Sickle Cell Crisis And Coagulation Disorders ,39573
UHC,813,Coagulation Disorders,25246
UHC,833,Other Antepartum Diagnoses Without O.R. Procedures Without Cc/Mcc,8861
UHC,838,Chemotherapy With Acute Leukemia As Secondary Diagnosis With Cc Or High Dose Chemotherapy Agent,52617
UHC,853,Infectious And Parasitic Diseases With O.R. Procedures With Mcc,100413
UHC,854,Infectious And Parasitic Diseases With O.R. Procedures With Cc,43185
UHC,862,Postoperative And Post-Traumatic Infections With Mcc,32239
UHC,870,Septicemia Or Severe Sepsis With Mv >96 Hours,167147
UHC,871,Septicemia Or Severe Sepsis Without Mv >96 Hours With Mcc,31567
UHC,872,Septicemia Or Severe Sepsis Without Mv >96 Hours Without Mcc,24826
UHC,917,Poisoning And Toxic Effects Of Drugs With Mcc,26332
