Payer,MS-DRG,Description,Payer Specific Negotiated Charge
Asuris,95,Bacterial And Tuberculous Infections Of Nervous System With Cc,40118
Asuris,177,Respiratory Infections And Inflammations With Mcc,28644
Asuris,200,Pneumothorax With Cc,25578
Asuris,201,Pneumothorax Without Cc/Mcc,22104
Asuris,254,Other Vascular Procedures Without Cc/Mcc,61068
Asuris,271,Other Major Cardiovascular Procedures With Cc,48832
Asuris,304,Hypertension With Mcc,35385
Asuris,329,Major Small And Large Bowel Procedures With Mcc,66985
Asuris,330,Major Small And Large Bowel Procedures With Cc,84422
Asuris,373,Major Gastrointestinal Disorders And Peritoneal Infections Without Cc/Mcc,17962
Asuris,391,"Esophagitis, Gastroenteritis And Miscellaneous Digestive Disorders With Mcc",35542
Asuris,439,Disorders Of Pancreas Except Malignancy With Cc,23623
Asuris,455,Combined Anterior And Posterior Spinal Fusion Without Cc/Mcc,88327
Asuris,505,Foot Procedures Without Cc/Mcc,25369
Asuris,603,Cellulitis Without Mcc,26667
Asuris,614,Adrenal And Pituitary Procedures With Cc/Mcc,80148
Asuris,637,Diabetes With Mcc,29226
Asuris,673,Other Kidney And Urinary Tract Procedures With Mcc,40384
Asuris,682,Renal Failure With Mcc,11588
Asuris,690,Kidney And Urinary Tract Infections Without Mcc,11856
Asuris,779,Abortion Without D&C,15371
Asuris,783,Cesarean Section With Sterilization With Mcc,33144
Asuris,788,Cesarean Section Without Sterilization Without Cc/Mcc,23813
Asuris,790,"Extreme Immaturity Or Respiratory Distress Syndrome, Neonate",115994
Asuris,791,Prematurity With Major Problems,80926
Asuris,793,Full Term Neonate With Major Problems,8279
Asuris,794,Neonate With Other Significant Problems,4897
Asuris,795,Normal Newborn,3963
Asuris,797,Vaginal Delivery With Sterilization And/Or D&C With Cc,27595
Asuris,806,Vaginal Delivery Without Sterilization Or D&C With Cc,20405
Asuris,807,Vaginal Delivery Without Sterilization Or D&C Without Cc/Mcc,18632
Asuris,817,Other Antepartum Diagnoses With O.R. Procedures With Mcc,35338
Asuris,847,Chemotherapy Without Acute Leukemia As Secondary Diagnosis With Cc,37046
Asuris,854,Infectious And Parasitic Diseases With O.R. Procedures With Cc,32229
Asuris,870,Septicemia Or Severe Sepsis With Mv >96 Hours,261103
Asuris,871,Septicemia Or Severe Sepsis Without Mv >96 Hours With Mcc,39235
Asuris,918,Poisoning And Toxic Effects Of Drugs Without Mcc,21790
