Payer,MS-DRG,Description,Payer Specific Negotiated Charge
Medicaid Managed Care - Coorindated Care,4,"Tracheostomy With Mv >96 Hours Or Principal Diagnosis Except Face, Mouth And Neck Without Major O.R.",97044
Medicaid Managed Care - Coorindated Care,39,Extracranial Procedures Without Cc/Mcc,12369
Medicaid Managed Care - Coorindated Care,56,Degenerative Nervous System Disorders With Mcc,23949
Medicaid Managed Care - Coorindated Care,64,Intracranial Hemorrhage Or Cerebral Infarction With Mcc,8706
Medicaid Managed Care - Coorindated Care,65,Intracranial Hemorrhage Or Cerebral Infarction With Cc Or Tpa In 24 Hours,7511
Medicaid Managed Care - Coorindated Care,66,Intracranial Hemorrhage Or Cerebral Infarction Without Cc/Mcc,5928
Medicaid Managed Care - Coorindated Care,73,Cranial And Peripheral Nerve Disorders With Mcc,9770
Medicaid Managed Care - Coorindated Care,74,Cranial And Peripheral Nerve Disorders Without Mcc,8599
Medicaid Managed Care - Coorindated Care,80,Nontraumatic Stupor And Coma With Mcc,14074
Medicaid Managed Care - Coorindated Care,84,Traumatic Stupor And Coma >1 Hour Without Cc/Mcc,4847
Medicaid Managed Care - Coorindated Care,98,Non-Bacterial Infection Of Nervous System Except Viral Meningitis With Cc,28406
Medicaid Managed Care - Coorindated Care,100,Seizures With Mcc,16480
Medicaid Managed Care - Coorindated Care,101,Seizures Without Mcc,4219
Medicaid Managed Care - Coorindated Care,145,"Other Ear, Nose, Mouth And Throat O.R. Procedures Without Cc/Mcc",9977
Medicaid Managed Care - Coorindated Care,158,Dental And Oral Diseases With Cc,5571
Medicaid Managed Care - Coorindated Care,164,Major Chest Procedures With Cc,32426
Medicaid Managed Care - Coorindated Care,165,Major Chest Procedures Without Cc/Mcc,15554
Medicaid Managed Care - Coorindated Care,175,Pulmonary Embolism With Mcc Or Acute Cor Pulmonale,9113
Medicaid Managed Care - Coorindated Care,176,Pulmonary Embolism Without Mcc,10212
Medicaid Managed Care - Coorindated Care,178,Respiratory Infections And Inflammations With Cc,5219
Medicaid Managed Care - Coorindated Care,179,Respiratory Infections And Inflammations Without Cc/Mcc,4109
Medicaid Managed Care - Coorindated Care,180,Respiratory Neoplasms With Mcc,14448
Medicaid Managed Care - Coorindated Care,189,Pulmonary Edema And Respiratory Failure,8706
Medicaid Managed Care - Coorindated Care,192,Chronic Obstructive Pulmonary Disease Without Cc/Mcc,4167
Medicaid Managed Care - Coorindated Care,194,Simple Pneumonia And Pleurisy With Cc,4047
Medicaid Managed Care - Coorindated Care,200,Pneumothorax With Cc,9418
Medicaid Managed Care - Coorindated Care,201,Pneumothorax Without Cc/Mcc,5554
Medicaid Managed Care - Coorindated Care,202,Bronchitis And Asthma With Cc/Mcc,5193
Medicaid Managed Care - Coorindated Care,203,Bronchitis And Asthma Without Cc/Mcc,4951
Medicaid Managed Care - Coorindated Care,208,Respiratory System Diagnosis With Ventilator Support <=96 Hours,18596
Medicaid Managed Care - Coorindated Care,220,Cardiac Valve And Other Major Cardiothoracic Procedures Without Cardiac Catheterization With Cc,38430
Medicaid Managed Care - Coorindated Care,236,Coronary Bypass Without Cardiac Catheterization Without Mcc,36495
Medicaid Managed Care - Coorindated Care,246,Percutaneous Cardiovascular Procedures With Drug-Eluting Stent With Mcc Or 4+ Arteries Or Stents,23409
Medicaid Managed Care - Coorindated Care,247,Percutaneous Cardiovascular Procedures With Drug-Eluting Stent Without Mcc,15980
Medicaid Managed Care - Coorindated Care,253,Other Vascular Procedures With Cc,15005
Medicaid Managed Care - Coorindated Care,254,Other Vascular Procedures Without Cc/Mcc,13111
Medicaid Managed Care - Coorindated Care,256,Upper Limb And Toe Amputation For Circulatory System Disorders With Cc,12215
Medicaid Managed Care - Coorindated Care,270,Other Major Cardiovascular Procedures With Mcc,23063
Medicaid Managed Care - Coorindated Care,271,Other Major Cardiovascular Procedures With Cc,37733
Medicaid Managed Care - Coorindated Care,281,"Acute Myocardial Infarction, Discharged Alive With Cc",10142
Medicaid Managed Care - Coorindated Care,286,"Circulatory Disorders Except Ami, With Cardiac Catheterization With Mcc",10461
Medicaid Managed Care - Coorindated Care,291,Heart Failure And Shock With Mcc,8834
Medicaid Managed Care - Coorindated Care,292,Heart Failure And Shock With Cc,4438
Medicaid Managed Care - Coorindated Care,300,Peripheral Vascular Disorders With Cc,4758
Medicaid Managed Care - Coorindated Care,304,Hypertension With Mcc,6734
Medicaid Managed Care - Coorindated Care,305,Hypertension Without Mcc,4073
Medicaid Managed Care - Coorindated Care,308,Cardiac Arrhythmia And Conduction Disorders With Mcc,9367
Medicaid Managed Care - Coorindated Care,329,Major Small And Large Bowel Procedures With Mcc,33500
Medicaid Managed Care - Coorindated Care,330,Major Small And Large Bowel Procedures With Cc,17691
Medicaid Managed Care - Coorindated Care,331,Major Small And Large Bowel Procedures Without Cc/Mcc,11243
Medicaid Managed Care - Coorindated Care,339,Appendectomy With Complicated Principal Diagnosis With Cc,8570
Medicaid Managed Care - Coorindated Care,340,Appendectomy With Complicated Principal Diagnosis Without Cc/Mcc,9446
Medicaid Managed Care - Coorindated Care,343,Appendectomy Without Complicated Principal Diagnosis Without Cc/Mcc,13352
Medicaid Managed Care - Coorindated Care,354,Hernia Procedures Except Inguinal And Femoral With Cc,22551
Medicaid Managed Care - Coorindated Care,369,Major Esophageal Disorders With Cc,7684
Medicaid Managed Care - Coorindated Care,372,Major Gastrointestinal Disorders And Peritoneal Infections With Cc,6219
Medicaid Managed Care - Coorindated Care,378,Gastrointestinal Hemorrhage With Cc,7215
Medicaid Managed Care - Coorindated Care,386,Inflammatory Bowel Disease With Cc,6337
Medicaid Managed Care - Coorindated Care,387,Inflammatory Bowel Disease Without Cc/Mcc,4714
Medicaid Managed Care - Coorindated Care,391,"Esophagitis, Gastroenteritis And Miscellaneous Digestive Disorders With Mcc",5356
Medicaid Managed Care - Coorindated Care,392,"Esophagitis, Gastroenteritis And Miscellaneous Digestive Disorders Without Mcc",5418
Medicaid Managed Care - Coorindated Care,394,Other Digestive System Diagnoses With Cc,5765
Medicaid Managed Care - Coorindated Care,405,"Pancreas, Liver And Shunt Procedures With Mcc",71816
Medicaid Managed Care - Coorindated Care,419,Laparoscopic Cholecystectomy Without C.D.E. Without Cc/Mcc,7576
Medicaid Managed Care - Coorindated Care,432,Cirrhosis And Alcoholic Hepatitis With Mcc,8873
Medicaid Managed Care - Coorindated Care,433,Cirrhosis And Alcoholic Hepatitis With Cc,6965
Medicaid Managed Care - Coorindated Care,438,Disorders Of Pancreas Except Malignancy With Mcc,8306
Medicaid Managed Care - Coorindated Care,439,Disorders Of Pancreas Except Malignancy With Cc,4514
Medicaid Managed Care - Coorindated Care,440,Disorders Of Pancreas Except Malignancy Without Cc/Mcc,3755
Medicaid Managed Care - Coorindated Care,455,Combined Anterior And Posterior Spinal Fusion Without Cc/Mcc,36276
Medicaid Managed Care - Coorindated Care,460,Spinal Fusion Except Cervical Without Mcc,21348
Medicaid Managed Care - Coorindated Care,464,Wound Debridement And Skin Graft Except Hand For Musculoskeletal And Connective Tissue Disorders Wit,38326
Medicaid Managed Care - Coorindated Care,482,Hip And Femur Procedures Except Major Joint Without Cc/Mcc,13421
Medicaid Managed Care - Coorindated Care,494,"Lower Extremity And Humerus Procedures Except Hip, Foot And Femur Without Cc/Mcc",15159
Medicaid Managed Care - Coorindated Care,502,Soft Tissue Procedures Without Cc/Mcc,14527
Medicaid Managed Care - Coorindated Care,511,"Shoulder, Elbow Or Forearm Procedures, Except Major Joint Procedures With Cc",16335
Medicaid Managed Care - Coorindated Care,516,Other Musculoskeletal System And Connective Tissue O.R. Procedures With Cc,14836
Medicaid Managed Care - Coorindated Care,519,Back And Neck Procedures Except Spinal Fusion With Cc,9430
Medicaid Managed Care - Coorindated Care,539,Osteomyelitis With Mcc,23162
Medicaid Managed Care - Coorindated Care,547,Connective Tissue Disorders Without Cc/Mcc,5603
Medicaid Managed Care - Coorindated Care,580,"Other Skin, Subcutaneous Tissue And Breast Procedures With Cc",10316
Medicaid Managed Care - Coorindated Care,602,Cellulitis With Mcc,7549
Medicaid Managed Care - Coorindated Care,603,Cellulitis Without Mcc,4342
Medicaid Managed Care - Coorindated Care,605,"Trauma To The Skin, Subcutaneous Tissue And Breast Without Mcc",4289
Medicaid Managed Care - Coorindated Care,607,Minor Skin Disorders Without Mcc,3477
Medicaid Managed Care - Coorindated Care,637,Diabetes With Mcc,9828
Medicaid Managed Care - Coorindated Care,638,Diabetes With Cc,6777
Medicaid Managed Care - Coorindated Care,639,Diabetes Without Cc/Mcc,3935
Medicaid Managed Care - Coorindated Care,640,"Miscellaneous Disorders Of Nutrition, Metabolism, Fluids And Electrolytes With Mcc",7206
Medicaid Managed Care - Coorindated Care,641,"Miscellaneous Disorders Of Nutrition, Metabolism, Fluids And Electrolytes Without Mcc",6854
Medicaid Managed Care - Coorindated Care,643,Endocrine Disorders With Mcc,14212
Medicaid Managed Care - Coorindated Care,657,Kidney And Ureter Procedures For Neoplasm With Cc,18298
Medicaid Managed Care - Coorindated Care,658,Kidney And Ureter Procedures For Neoplasm Without Cc/Mcc,21901
Medicaid Managed Care - Coorindated Care,673,Other Kidney And Urinary Tract Procedures With Mcc,19877
Medicaid Managed Care - Coorindated Care,674,Other Kidney And Urinary Tract Procedures With Cc,18861
Medicaid Managed Care - Coorindated Care,682,Renal Failure With Mcc,6510
Medicaid Managed Care - Coorindated Care,683,Renal Failure With Cc,10739
Medicaid Managed Care - Coorindated Care,689,Kidney And Urinary Tract Infections With Mcc,12205
Medicaid Managed Care - Coorindated Care,698,Other Kidney And Urinary Tract Diagnoses With Mcc,12074
Medicaid Managed Care - Coorindated Care,712,Testes Procedures Without Cc/Mcc,9955
Medicaid Managed Care - Coorindated Care,742,Uterine And Adnexa Procedures For Non-Malignancy With Cc/Mcc,14784
Medicaid Managed Care - Coorindated Care,754,"Malignancy, Female Reproductive System With Mcc",23186
Medicaid Managed Care - Coorindated Care,768,Vaginal Delivery With O.R. Procedures Except Sterilization And/Or D&C,7842
Medicaid Managed Care - Coorindated Care,776,Postpartum And Post Abortion Diagnoses Without O.R. Procedures,3900
Medicaid Managed Care - Coorindated Care,783,Cesarean Section With Sterilization With Mcc,6623
Medicaid Managed Care - Coorindated Care,784,Cesarean Section With Sterilization With Cc,8946
Medicaid Managed Care - Coorindated Care,785,Cesarean Section With Sterilization Without Cc/Mcc,6460
Medicaid Managed Care - Coorindated Care,786,Cesarean Section Without Sterilization With Mcc,9444
Medicaid Managed Care - Coorindated Care,787,Cesarean Section Without Sterilization With Cc,8630
Medicaid Managed Care - Coorindated Care,788,Cesarean Section Without Sterilization Without Cc/Mcc,8655
Medicaid Managed Care - Coorindated Care,790,"Extreme Immaturity Or Respiratory Distress Syndrome, Neonate",45192
Medicaid Managed Care - Coorindated Care,791,Prematurity With Major Problems,17808
Medicaid Managed Care - Coorindated Care,792,Prematurity Without Major Problems,4498
Medicaid Managed Care - Coorindated Care,793,Full Term Neonate With Major Problems,7959
Medicaid Managed Care - Coorindated Care,795,Normal Newborn,1021
Medicaid Managed Care - Coorindated Care,797,Vaginal Delivery With Sterilization And/Or D&C With Cc,7507
Medicaid Managed Care - Coorindated Care,798,Vaginal Delivery With Sterilization And/Or D&C Without Cc/Mcc,10514
Medicaid Managed Care - Coorindated Care,805,Vaginal Delivery Without Sterilization Or D&C With Mcc,5478
Medicaid Managed Care - Coorindated Care,806,Vaginal Delivery Without Sterilization Or D&C With Cc,5050
Medicaid Managed Care - Coorindated Care,807,Vaginal Delivery Without Sterilization Or D&C Without Cc/Mcc,4298
Medicaid Managed Care - Coorindated Care,812,Red Blood Cell Disorders Without Mcc,8012
Medicaid Managed Care - Coorindated Care,821,Lymphoma And Leukemia With Major O.R. Procedures With Cc,18429
Medicaid Managed Care - Coorindated Care,833,Other Antepartum Diagnoses Without O.R. Procedures Without Cc/Mcc,5558
Medicaid Managed Care - Coorindated Care,841,Lymphoma And Non-Acute Leukemia With Cc,8348
Medicaid Managed Care - Coorindated Care,856,Postoperative Or Post-Traumatic Infections With O.R. Procedures With Mcc,28195
Medicaid Managed Care - Coorindated Care,857,Postoperative Or Post-Traumatic Infections With O.R. Procedures With Cc,9692
Medicaid Managed Care - Coorindated Care,862,Postoperative And Post-Traumatic Infections With Mcc,8021
Medicaid Managed Care - Coorindated Care,863,Postoperative And Post-Traumatic Infections Without Mcc,10436
Medicaid Managed Care - Coorindated Care,870,Septicemia Or Severe Sepsis With Mv >96 Hours,40947
Medicaid Managed Care - Coorindated Care,871,Septicemia Or Severe Sepsis Without Mv >96 Hours With Mcc,7961
Medicaid Managed Care - Coorindated Care,872,Septicemia Or Severe Sepsis Without Mv >96 Hours Without Mcc,7352
Medicaid Managed Care - Coorindated Care,881,Depressive Neuroses,5440
Medicaid Managed Care - Coorindated Care,883,Disorders Of Personality And Impulse Control,8182
Medicaid Managed Care - Coorindated Care,885,Psychoses,4335
Medicaid Managed Care - Coorindated Care,894,"Alcohol, Drug Abuse Or Dependence, Left Ama",3136
Medicaid Managed Care - Coorindated Care,897,"Alcohol, Drug Abuse Or Dependence Without Rehabilitation Therapy Without Mcc",5446
Medicaid Managed Care - Coorindated Care,908,Other O.R. Procedures For Injuries With Cc,19878
Medicaid Managed Care - Coorindated Care,918,Poisoning And Toxic Effects Of Drugs Without Mcc,3685
Medicaid Managed Care - Coorindated Care,951,Other Factors Influencing Health Status,4520
Medicaid Managed Care - Coorindated Care,957,Other O.R. Procedures For Multiple Significant Trauma With Mcc,113598
Medicaid Managed Care - Coorindated Care,958,Other O.R. Procedures For Multiple Significant Trauma With Cc,31913
Medicaid Managed Care - Coorindated Care,988,Non-Extensive O.R. Procedures Unrelated To Principal Diagnosis With Cc,10868
