Payer,MS-DRG,Description,Payer Specific Negotiated Charge
Premera,3,"Ecmo Or Tracheostomy With Mv >96 Hours Or Principal Diagnosis Except Face, Mouth And Neck With Major",296022
Premera,4,"Tracheostomy With Mv >96 Hours Or Principal Diagnosis Except Face, Mouth And Neck Without Major O.R.",141798
Premera,25,Craniotomy And Endovascular Intracranial Procedures With Mcc,53694
Premera,26,Craniotomy And Endovascular Intracranial Procedures With Cc,36555
Premera,27,Craniotomy And Endovascular Intracranial Procedures Without Cc/Mcc,40356
Premera,28,Spinal Procedures With Mcc,69572
Premera,29,Spinal Procedures With Cc Or Spinal Neurostimulators,39388
Premera,31,Ventricular Shunt Procedures With Mcc,86953
Premera,32,Ventricular Shunt Procedures With Cc,26445
Premera,38,Extracranial Procedures With Cc,21821
Premera,39,Extracranial Procedures Without Cc/Mcc,19904
Premera,41,"Peripheral, Cranial Nerve And Other Nervous System Procedures With Cc Or Peripheral Neurostimulator",34917
Premera,54,Nervous System Neoplasms With Mcc,26871
Premera,55,Nervous System Neoplasms Without Mcc,25784
Premera,56,Degenerative Nervous System Disorders With Mcc,26147
Premera,57,Degenerative Nervous System Disorders Without Mcc,21071
Premera,58,Multiple Sclerosis And Cerebellar Ataxia With Mcc,20761
Premera,60,Multiple Sclerosis And Cerebellar Ataxia Without Cc/Mcc,10945
Premera,62,"Ischemic Stroke, Precerebral Occlusion Or Transient Ischemia With Thrombolytic Agent With Cc",37140
Premera,63,"Ischemic Stroke, Precerebral Occlusion Or Transient Ischemia With Thrombolytic Agent Without Cc/Mcc",20440
Premera,65,Intracranial Hemorrhage Or Cerebral Infarction With Cc Or Tpa In 24 Hours,12172
Premera,66,Intracranial Hemorrhage Or Cerebral Infarction Without Cc/Mcc,10569
Premera,67,Nonspecific Cva And Precerebral Occlusion Without Infarction With Mcc,17030
Premera,69,Transient Ischemia Without Thrombolytic,13005
Premera,70,Nonspecific Cerebrovascular Disorders With Mcc,20040
Premera,74,Cranial And Peripheral Nerve Disorders Without Mcc,12174
Premera,82,Traumatic Stupor And Coma >1 Hour With Mcc,26993
Premera,84,Traumatic Stupor And Coma >1 Hour Without Cc/Mcc,13398
Premera,86,Traumatic Stupor And Coma <1 Hour With Cc,22019
Premera,87,Traumatic Stupor And Coma <1 Hour Without Cc/Mcc,10312
Premera,91,Other Disorders Of Nervous System With Mcc,19711
Premera,92,Other Disorders Of Nervous System With Cc,24911
Premera,93,Other Disorders Of Nervous System Without Cc/Mcc,20776
Premera,94,Bacterial And Tuberculous Infections Of Nervous System With Mcc,43430
Premera,95,Bacterial And Tuberculous Infections Of Nervous System With Cc,29981
Premera,96,Bacterial And Tuberculous Infections Of Nervous System Without Cc/Mcc,27871
Premera,97,Non-Bacterial Infection Of Nervous System Except Viral Meningitis With Mcc,44859
Premera,98,Non-Bacterial Infection Of Nervous System Except Viral Meningitis With Cc,25234
Premera,100,Seizures With Mcc,22397
Premera,101,Seizures Without Mcc,16413
Premera,103,Headaches Without Mcc,17187
Premera,123,Neurological Eye Disorders,12754
Premera,142,Major Head And Neck Procedures Without Cc/Mcc,19232
Premera,144,"Other Ear, Nose, Mouth And Throat O.R. Procedures With Cc",20925
Premera,153,Otitis Media And Uri Without Mcc,11874
Premera,158,Dental And Oral Diseases With Cc,10628
Premera,163,Major Chest Procedures With Mcc,59305
Premera,164,Major Chest Procedures With Cc,38090
Premera,165,Major Chest Procedures Without Cc/Mcc,22875
Premera,166,Other Respiratory System O.R. Procedures With Mcc,45321
Premera,167,Other Respiratory System O.R. Procedures With Cc,36166
Premera,168,Other Respiratory System O.R. Procedures Without Cc/Mcc,24334
Premera,175,Pulmonary Embolism With Mcc Or Acute Cor Pulmonale,18459
Premera,176,Pulmonary Embolism Without Mcc,10600
Premera,177,Respiratory Infections And Inflammations With Mcc,22059
Premera,178,Respiratory Infections And Inflammations With Cc,14415
Premera,179,Respiratory Infections And Inflammations Without Cc/Mcc,10413
Premera,180,Respiratory Neoplasms With Mcc,20774
Premera,184,Major Chest Trauma With Cc,20316
Premera,186,Pleural Effusion With Mcc,18447
Premera,187,Pleural Effusion With Cc,12339
Premera,189,Pulmonary Edema And Respiratory Failure,14641
Premera,191,Chronic Obstructive Pulmonary Disease With Cc,10557
Premera,193,Simple Pneumonia And Pleurisy With Mcc,15668
Premera,194,Simple Pneumonia And Pleurisy With Cc,10316
Premera,196,Interstitial Lung Disease With Mcc,19984
Premera,197,Interstitial Lung Disease With Cc,12021
Premera,199,Pneumothorax With Mcc,21369
Premera,200,Pneumothorax With Cc,12851
Premera,201,Pneumothorax Without Cc/Mcc,9688
Premera,202,Bronchitis And Asthma With Cc/Mcc,11543
Premera,203,Bronchitis And Asthma Without Cc/Mcc,8434
Premera,204,Respiratory Signs And Symptoms,17531
Premera,206,Other Respiratory System Diagnoses Without Mcc,10570
Premera,207,Respiratory System Diagnosis With Ventilator Support >96 Hours,122815
Premera,208,Respiratory System Diagnosis With Ventilator Support <=96 Hours,68772
Premera,215,Other Heart Assist System Implant,133382
Premera,217,Cardiac Valve And Other Major Cardiothoracic Procedures With Cardiac Catheterization With Cc,77615
Premera,219,Cardiac Valve And Other Major Cardiothoracic Procedures Without Cardiac Catheterization With Mcc,96291
Premera,220,Cardiac Valve And Other Major Cardiothoracic Procedures Without Cardiac Catheterization With Cc,93901
Premera,221,Cardiac Valve And Other Major Cardiothoracic Procedures Without Cardiac Catheterization Without Cc/M,63122
Premera,224,"Cardiac Defibrillator Implant With Cardiac Catheterization Without Ami, Hf Or Shock With Mcc",88008
Premera,226,Cardiac Defibrillator Implant Without Cardiac Catheterization With Mcc,79037
Premera,228,Other Cardiothoracic Procedures With Mcc,91668
Premera,231,Coronary Bypass With Ptca With Mcc,104713
Premera,233,Coronary Bypass With Cardiac Catheterization Or Open Ablation With Mcc,138688
Premera,234,Coronary Bypass With Cardiac Catheterization Or Open Ablation Without Mcc,63564
Premera,236,Coronary Bypass Without Cardiac Catheterization Without Mcc,68389
Premera,243,Permanent Cardiac Pacemaker Implant With Cc,30275
Premera,246,Percutaneous Cardiovascular Procedures With Drug-Eluting Stent With Mcc Or 4+ Arteries Or Stents,37365
Premera,247,Percutaneous Cardiovascular Procedures With Drug-Eluting Stent Without Mcc,23767
Premera,250,Percutaneous Cardiovascular Procedures Without Coronary Artery Stent With Mcc,30158
Premera,252,Other Vascular Procedures With Mcc,39696
Premera,253,Other Vascular Procedures With Cc,57488
Premera,254,Other Vascular Procedures Without Cc/Mcc,21631
Premera,255,Upper Limb And Toe Amputation For Circulatory System Disorders With Mcc,30399
Premera,267,Endovascular Cardiac Valve Replacement And Supplement Procedures Without Mcc,66953
Premera,269,Aortic And Heart Assist Procedures Except Pulsation Balloon Without Mcc,51577
Premera,270,Other Major Cardiovascular Procedures With Mcc,54361
Premera,271,Other Major Cardiovascular Procedures With Cc,42611
Premera,273,Percutaneous And Other Intracardiac Procedures With Mcc,45870
Premera,280,"Acute Myocardial Infarction, Discharged Alive With Mcc",19440
Premera,281,"Acute Myocardial Infarction, Discharged Alive With Cc",20482
Premera,282,"Acute Myocardial Infarction, Discharged Alive Without Cc/Mcc",12921
Premera,286,"Circulatory Disorders Except Ami, With Cardiac Catheterization With Mcc",26467
Premera,287,"Circulatory Disorders Except Ami, With Cardiac Catheterization Without Mcc",16286
Premera,288,Acute And Subacute Endocarditis With Mcc,32049
Premera,291,Heart Failure And Shock With Mcc,16029
Premera,292,Heart Failure And Shock With Cc,10700
Premera,293,Heart Failure And Shock Without Cc/Mcc,7801
Premera,300,Peripheral Vascular Disorders With Cc,12458
Premera,304,Hypertension With Mcc,13097
Premera,305,Hypertension Without Mcc,8828
Premera,308,Cardiac Arrhythmia And Conduction Disorders With Mcc,14336
Premera,309,Cardiac Arrhythmia And Conduction Disorders With Cc,8958
Premera,310,Cardiac Arrhythmia And Conduction Disorders Without Cc/Mcc,6675
Premera,311,Angina Pectoris,8332
Premera,312,Syncope And Collapse,11426
Premera,314,Other Circulatory System Diagnoses With Mcc,24905
Premera,315,Other Circulatory System Diagnoses With Cc,12800
Premera,316,Other Circulatory System Diagnoses Without Cc/Mcc,8960
Premera,326,"Stomach, Esophageal And Duodenal Procedures With Mcc",64285
Premera,327,"Stomach, Esophageal And Duodenal Procedures With Cc",40763
Premera,328,"Stomach, Esophageal And Duodenal Procedures Without Cc/Mcc",30338
Premera,329,Major Small And Large Bowel Procedures With Mcc,57980
Premera,330,Major Small And Large Bowel Procedures With Cc,30351
Premera,331,Major Small And Large Bowel Procedures Without Cc/Mcc,25572
Premera,336,Peritoneal Adhesiolysis With Cc,33515
Premera,340,Appendectomy With Complicated Principal Diagnosis Without Cc/Mcc,14684
Premera,341,Appendectomy Without Complicated Principal Diagnosis With Mcc,27688
Premera,342,Appendectomy Without Complicated Principal Diagnosis With Cc,17131
Premera,343,Appendectomy Without Complicated Principal Diagnosis Without Cc/Mcc,13262
Premera,346,Minor Small And Large Bowel Procedures Without Cc/Mcc,26734
Premera,349,Anal And Stomal Procedures Without Cc/Mcc,20822
Premera,354,Hernia Procedures Except Inguinal And Femoral With Cc,38459
Premera,355,Hernia Procedures Except Inguinal And Femoral Without Cc/Mcc,30100
Premera,356,Other Digestive System O.R. Procedures With Mcc,50208
Premera,357,Other Digestive System O.R. Procedures With Cc,26941
Premera,358,Other Digestive System O.R. Procedures Without Cc/Mcc,21604
Premera,368,Major Esophageal Disorders With Mcc,23218
Premera,369,Major Esophageal Disorders With Cc,12872
Premera,372,Major Gastrointestinal Disorders And Peritoneal Infections With Cc,12284
Premera,373,Major Gastrointestinal Disorders And Peritoneal Infections Without Cc/Mcc,10247
Premera,374,Digestive Malignancy With Mcc,24720
Premera,375,Digestive Malignancy With Cc,14403
Premera,377,Gastrointestinal Hemorrhage With Mcc,23835
Premera,378,Gastrointestinal Hemorrhage With Cc,11873
Premera,379,Gastrointestinal Hemorrhage Without Cc/Mcc,7616
Premera,380,Complicated Peptic Ulcer With Mcc,34153
Premera,381,Complicated Peptic Ulcer With Cc,12880
Premera,385,Inflammatory Bowel Disease With Mcc,19355
Premera,386,Inflammatory Bowel Disease With Cc,11876
Premera,387,Inflammatory Bowel Disease Without Cc/Mcc,12761
Premera,388,Gastrointestinal Obstruction With Mcc,18072
Premera,389,Gastrointestinal Obstruction With Cc,9824
Premera,390,Gastrointestinal Obstruction Without Cc/Mcc,6964
Premera,391,"Esophagitis, Gastroenteritis And Miscellaneous Digestive Disorders With Mcc",14876
Premera,392,"Esophagitis, Gastroenteritis And Miscellaneous Digestive Disorders Without Mcc",9138
Premera,393,Other Digestive System Diagnoses With Mcc,19767
Premera,394,Other Digestive System Diagnoses With Cc,11220
Premera,395,Other Digestive System Diagnoses Without Cc/Mcc,10971
Premera,406,"Pancreas, Liver And Shunt Procedures With Cc",34392
Premera,417,Laparoscopic Cholecystectomy Without C.D.E. With Mcc,28971
Premera,418,Laparoscopic Cholecystectomy Without C.D.E. With Cc,20180
Premera,419,Laparoscopic Cholecystectomy Without C.D.E. Without Cc/Mcc,15722
Premera,432,Cirrhosis And Alcoholic Hepatitis With Mcc,22499
Premera,435,Malignancy Of Hepatobiliary System Or Pancreas With Mcc,56201
Premera,436,Malignancy Of Hepatobiliary System Or Pancreas With Cc,13391
Premera,438,Disorders Of Pancreas Except Malignancy With Mcc,19082
Premera,439,Disorders Of Pancreas Except Malignancy With Cc,10094
Premera,440,Disorders Of Pancreas Except Malignancy Without Cc/Mcc,7243
Premera,441,"Disorders Of Liver Except Malignancy, Cirrhosis Or Alcoholic Hepatitis With Mcc",22518
Premera,442,"Disorders Of Liver Except Malignancy, Cirrhosis Or Alcoholic Hepatitis With Cc",12524
Premera,445,Disorders Of The Biliary Tract With Cc,18666
Premera,446,Disorders Of The Biliary Tract Without Cc/Mcc,11033
Premera,454,Combined Anterior And Posterior Spinal Fusion With Cc,72897
Premera,455,Combined Anterior And Posterior Spinal Fusion Without Cc/Mcc,57272
Premera,460,Spinal Fusion Except Cervical Without Mcc,50452
Premera,461,Bilateral Or Multiple Major Joint Procedures Of Lower Extremity With Mcc,77054
Premera,462,Bilateral Or Multiple Major Joint Procedures Of Lower Extremity Without Mcc,37586
Premera,463,Wound Debridement And Skin Graft Except Hand For Musculoskeletal And Connective Tissue Disorders Wit,133683
Premera,464,Wound Debridement And Skin Graft Except Hand For Musculoskeletal And Connective Tissue Disorders Wit,65913
Premera,467,Revision Of Hip Or Knee Replacement With Cc,48005
Premera,468,Revision Of Hip Or Knee Replacement Without Cc/Mcc,37376
Premera,470,Major Hip And Knee Joint Replacement Or Reattachment Of Lower Extremity Without Mcc,22711
Premera,472,Cervical Spinal Fusion With Cc,36498
Premera,473,Cervical Spinal Fusion Without Cc/Mcc,30366
Premera,475,Amputation For Musculoskeletal System And Connective Tissue Disorders With Cc,26222
Premera,477,Biopsies Of Musculoskeletal System And Connective Tissue With Mcc,40128
Premera,481,Hip And Femur Procedures Except Major Joint With Cc,27464
Premera,482,Hip And Femur Procedures Except Major Joint Without Cc/Mcc,27453
Premera,483,Major Joint Or Limb Reattachment Procedures Of Upper Extremities,39565
Premera,485,Knee Procedures With Principal Diagnosis Of Infection With Mcc,40734
Premera,494,"Lower Extremity And Humerus Procedures Except Hip, Foot And Femur Without Cc/Mcc",22138
Premera,498,Local Excision And Removal Of Internal Fixation Devices Of Hip And Femur With Cc/Mcc,33396
Premera,501,Soft Tissue Procedures With Cc,20860
Premera,505,Foot Procedures Without Cc/Mcc,23643
Premera,513,"Hand Or Wrist Procedures, Except Major Thumb Or Joint Procedures With Cc/Mcc",18636
Premera,516,Other Musculoskeletal System And Connective Tissue O.R. Procedures With Cc,28166
Premera,518,Back And Neck Procedures Except Spinal Fusion With Mcc Or Disc Device Or Neurostimulator,42847
Premera,519,Back And Neck Procedures Except Spinal Fusion With Cc,23402
Premera,520,Back And Neck Procedures Except Spinal Fusion Without Cc/Mcc,17122
Premera,522,Hip Replacement With Principal Diagnosis Of Hip Fracture Without Mcc,47605
Premera,536,Fractures Of Hip And Pelvis Without Mcc,9224
Premera,543,Pathological Fractures And Musculoskeletal And Connective Tissue Malignancy With Cc,12472
Premera,545,Connective Tissue Disorders With Mcc,29879
Premera,546,Connective Tissue Disorders With Cc,17134
Premera,549,Septic Arthritis With Cc,25130
Premera,551,Medical Back Problems With Mcc,26535
Premera,552,Medical Back Problems Without Mcc,11261
Premera,558,"Tendonitis, Myositis And Bursitis Without Mcc",10260
Premera,560,"Aftercare, Musculoskeletal System And Connective Tissue With Cc",12867
Premera,561,"Aftercare, Musculoskeletal System And Connective Tissue Without Cc/Mcc",20111
Premera,571,Skin Debridement With Cc,19518
Premera,572,Skin Debridement Without Cc/Mcc,13180
Premera,574,Skin Graft For Skin Ulcer Or Cellulitis With Cc,38809
Premera,580,"Other Skin, Subcutaneous Tissue And Breast Procedures With Cc",33916
Premera,581,"Other Skin, Subcutaneous Tissue And Breast Procedures Without Cc/Mcc",15061
Premera,593,Skin Ulcers With Cc,13589
Premera,600,Non-Malignant Breast Disorders With Cc/Mcc,11903
Premera,603,Cellulitis Without Mcc,10099
Premera,614,Adrenal And Pituitary Procedures With Cc/Mcc,28532
Premera,617,"Amputation Of Lower Limb For Endocrine, Nutritional And Metabolic Disorders With Cc",24316
Premera,623,"Skin Grafts And Wound Debridement For Endocrine, Nutritional And Metabolic Disorders With Cc",29837
Premera,637,Diabetes With Mcc,16433
Premera,638,Diabetes With Cc,10512
Premera,639,Diabetes Without Cc/Mcc,8665
Premera,640,"Miscellaneous Disorders Of Nutrition, Metabolism, Fluids And Electrolytes With Mcc",42724
Premera,641,"Miscellaneous Disorders Of Nutrition, Metabolism, Fluids And Electrolytes Without Mcc",9001
Premera,643,Endocrine Disorders With Mcc,19883
Premera,644,Endocrine Disorders With Cc,18663
Premera,658,Kidney And Ureter Procedures For Neoplasm Without Cc/Mcc,31786
Premera,660,Kidney And Ureter Procedures For Non-Neoplasm With Cc,17254
Premera,661,Kidney And Ureter Procedures For Non-Neoplasm Without Cc/Mcc,24655
Premera,673,Other Kidney And Urinary Tract Procedures With Mcc,39129
Premera,674,Other Kidney And Urinary Tract Procedures With Cc,28455
Premera,682,Renal Failure With Mcc,17575
Premera,683,Renal Failure With Cc,10497
Premera,686,Kidney And Urinary Tract Neoplasms With Mcc,22392
Premera,688,Kidney And Urinary Tract Neoplasms Without Cc/Mcc,16638
Premera,689,Kidney And Urinary Tract Infections With Mcc,13284
Premera,690,Kidney And Urinary Tract Infections Without Mcc,9470
Premera,698,Other Kidney And Urinary Tract Diagnoses With Mcc,19206
Premera,699,Other Kidney And Urinary Tract Diagnoses With Cc,12255
Premera,708,Major Male Pelvic Procedures Without Cc/Mcc,32519
Premera,715,Other Male Reproductive System O.R. Procedures For Malignancy With Cc/Mcc,60307
Premera,727,Inflammation Of The Male Reproductive System With Mcc,12523
Premera,728,Inflammation Of The Male Reproductive System Without Mcc,9605
Premera,742,Uterine And Adnexa Procedures For Non-Malignancy With Cc/Mcc,29154
Premera,743,Uterine And Adnexa Procedures For Non-Malignancy Without Cc/Mcc,13536
Premera,747,"Vagina, Cervix And Vulva Procedures Without Cc/Mcc",14480
Premera,748,Female Reproductive System Reconstructive Procedures,34335
Premera,754,"Malignancy, Female Reproductive System With Mcc",41988
Premera,757,"Infections, Female Reproductive System With Mcc",18195
Premera,761,Menstrual And Other Female Reproductive System Disorders Without Cc/Mcc,7053
Premera,768,Vaginal Delivery With O.R. Procedures Except Sterilization And/Or D&C,13996
Premera,769,Postpartum And Post Abortion Diagnoses With O.R. Procedures,19370
Premera,776,Postpartum And Post Abortion Diagnoses Without O.R. Procedures,9190
Premera,779,Abortion Without D&C,12437
Premera,783,Cesarean Section With Sterilization With Mcc,22386
Premera,784,Cesarean Section With Sterilization With Cc,13088
Premera,785,Cesarean Section With Sterilization Without Cc/Mcc,10942
Premera,786,Cesarean Section Without Sterilization With Mcc,19020
Premera,787,Cesarean Section Without Sterilization With Cc,13221
Premera,788,Cesarean Section Without Sterilization Without Cc/Mcc,10604
Premera,791,Prematurity With Major Problems,27926
Premera,792,Prematurity Without Major Problems,8706
Premera,793,Full Term Neonate With Major Problems,23336
Premera,794,Neonate With Other Significant Problems,5858
Premera,795,Normal Newborn,2063
Premera,796,Vaginal Delivery With Sterilization And/Or D&C With Mcc,12766
Premera,797,Vaginal Delivery With Sterilization And/Or D&C With Cc,17023
Premera,798,Vaginal Delivery With Sterilization And/Or D&C Without Cc/Mcc,11703
Premera,805,Vaginal Delivery Without Sterilization Or D&C With Mcc,12274
Premera,806,Vaginal Delivery Without Sterilization Or D&C With Cc,8773
Premera,807,Vaginal Delivery Without Sterilization Or D&C Without Cc/Mcc,7664
Premera,808,Major Hematological And Immunological Diagnoses Except Sickle Cell Crisis And Coagulation Disorders ,28969
Premera,809,Major Hematological And Immunological Diagnoses Except Sickle Cell Crisis And Coagulation Disorders ,17504
Premera,811,Red Blood Cell Disorders With Mcc,17629
Premera,812,Red Blood Cell Disorders Without Mcc,12464
Premera,814,Reticuloendothelial And Immunity Disorders With Mcc,31063
Premera,815,Reticuloendothelial And Immunity Disorders With Cc,11864
Premera,818,Other Antepartum Diagnoses With O.R. Procedures With Cc,15737
Premera,829,Myeloproliferative Disorders Or Poorly Differentiated Neoplasms With Other Procedures With Cc/Mcc,38321
Premera,831,Other Antepartum Diagnoses Without O.R. Procedures With Mcc,13402
Premera,832,Other Antepartum Diagnoses Without O.R. Procedures With Cc,9322
Premera,833,Other Antepartum Diagnoses Without O.R. Procedures Without Cc/Mcc,6407
Premera,834,Acute Leukemia Without Major O.R. Procedures With Mcc,207589
Premera,837,Chemotherapy With Acute Leukemia As Secondary Diagnosis Or With High Dose Chemotherapy Agent With Mc,70374
Premera,838,Chemotherapy With Acute Leukemia As Secondary Diagnosis With Cc Or High Dose Chemotherapy Agent,27002
Premera,840,Lymphoma And Non-Acute Leukemia With Mcc,126873
Premera,842,Lymphoma And Non-Acute Leukemia Without Cc/Mcc,12393
Premera,847,Chemotherapy Without Acute Leukemia As Secondary Diagnosis With Cc,15961
Premera,853,Infectious And Parasitic Diseases With O.R. Procedures With Mcc,59108
Premera,854,Infectious And Parasitic Diseases With O.R. Procedures With Cc,25036
Premera,857,Postoperative Or Post-Traumatic Infections With O.R. Procedures With Cc,24323
Premera,862,Postoperative And Post-Traumatic Infections With Mcc,22459
Premera,863,Postoperative And Post-Traumatic Infections Without Mcc,27502
Premera,866,Viral Illness Without Mcc,10008
Premera,867,Other Infectious And Parasitic Diseases Diagnoses With Mcc,26651
Premera,870,Septicemia Or Severe Sepsis With Mv >96 Hours,76802
Premera,871,Septicemia Or Severe Sepsis Without Mv >96 Hours With Mcc,22332
Premera,872,Septicemia Or Severe Sepsis Without Mv >96 Hours Without Mcc,12212
Premera,880,Acute Adjustment Reaction And Psychosocial Dysfunction,10323
Premera,884,Organic Disturbances And Intellectual Disability,17259
Premera,894,"Alcohol, Drug Abuse Or Dependence, Left Ama",10267
Premera,896,"Alcohol, Drug Abuse Or Dependence Without Rehabilitation Therapy With Mcc",21242
Premera,897,"Alcohol, Drug Abuse Or Dependence Without Rehabilitation Therapy Without Mcc",9868
Premera,902,Wound Debridements For Injuries With Cc,24367
Premera,907,Other O.R. Procedures For Injuries With Mcc,47303
Premera,917,Poisoning And Toxic Effects Of Drugs With Mcc,17662
Premera,918,Poisoning And Toxic Effects Of Drugs Without Mcc,9457
Premera,920,Complications Of Treatment With Cc,12280
Premera,922,"Other Injury, Poisoning And Toxic Effect Diagnoses With Mcc",34435
Premera,948,Signs And Symptoms Without Mcc,9391
Premera,951,Other Factors Influencing Health Status,6459
Premera,958,Other O.R. Procedures For Multiple Significant Trauma With Cc,167639
Premera,965,Other Multiple Significant Trauma Without Cc/Mcc,13645
Premera,975,Hiv With Major Related Condition With Cc,15290
Premera,981,Extensive O.R. Procedures Unrelated To Principal Diagnosis With Mcc,79306
Premera,982,Extensive O.R. Procedures Unrelated To Principal Diagnosis With Cc,30378
Premera,988,Non-Extensive O.R. Procedures Unrelated To Principal Diagnosis With Cc,20091
