Payer,MS-DRG,Description,Payer Specific Negotiated Charge
Medicare Managed Care - MODA,36,Carotid Artery Stent Procedures Without Cc/Mcc,15754
Medicare Managed Care - MODA,57,Degenerative Nervous System Disorders Without Mcc,11109
Medicare Managed Care - MODA,65,Intracranial Hemorrhage Or Cerebral Infarction With Cc Or Tpa In 24 Hours,9202
Medicare Managed Care - MODA,190,Chronic Obstructive Pulmonary Disease With Mcc,10113
Medicare Managed Care - MODA,216,Cardiac Valve And Other Major Cardiothoracic Procedures With Cardiac Catheterization With Mcc,86361
Medicare Managed Care - MODA,220,Cardiac Valve And Other Major Cardiothoracic Procedures Without Cardiac Catheterization With Cc,44842
Medicare Managed Care - MODA,235,Coronary Bypass Without Cardiac Catheterization With Mcc,52316
Medicare Managed Care - MODA,246,Percutaneous Cardiovascular Procedures With Drug-Eluting Stent With Mcc Or 4+ Arteries Or Stents,26617
Medicare Managed Care - MODA,253,Other Vascular Procedures With Cc,23036
Medicare Managed Care - MODA,291,Heart Failure And Shock With Mcc,11632
Medicare Managed Care - MODA,307,Cardiac Congenital And Valvular Disorders Without Mcc,7728
Medicare Managed Care - MODA,417,Laparoscopic Cholecystectomy Without C.D.E. With Mcc,21135
Medicare Managed Care - MODA,463,Wound Debridement And Skin Graft Except Hand For Musculoskeletal And Connective Tissue Disorders Wit,45582
Medicare Managed Care - MODA,474,Amputation For Musculoskeletal System And Connective Tissue Disorders With Mcc,26330
Medicare Managed Care - MODA,602,Cellulitis With Mcc,12864
Medicare Managed Care - MODA,617,"Amputation Of Lower Limb For Endocrine, Nutritional And Metabolic Disorders With Cc",17389
Medicare Managed Care - MODA,640,"Miscellaneous Disorders Of Nutrition, Metabolism, Fluids And Electrolytes With Mcc",10943
Medicare Managed Care - MODA,674,Other Kidney And Urinary Tract Procedures With Cc,20718
Medicare Managed Care - MODA,707,Major Male Pelvic Procedures With Cc/Mcc,16368
Medicare Managed Care - MODA,811,Red Blood Cell Disorders With Mcc,12297
Medicare Managed Care - MODA,853,Infectious And Parasitic Diseases With O.R. Procedures With Mcc,42129
Medicare Managed Care - MODA,870,Septicemia Or Severe Sepsis With Mv >96 Hours,53530
Medicare Managed Care - MODA,907,Other O.R. Procedures For Injuries With Mcc,33076
