Payer,MS-DRG,Description,Payer Specific Negotiated Charge
MODA,4,"Tracheostomy With Mv >96 Hours Or Principal Diagnosis Except Face, Mouth And Neck Without Major O.R.",276004
MODA,25,Craniotomy And Endovascular Intracranial Procedures With Mcc,115081
MODA,56,Degenerative Nervous System Disorders With Mcc,44092
MODA,176,Pulmonary Embolism Without Mcc,26869
MODA,203,Bronchitis And Asthma Without Cc/Mcc,18267
MODA,219,Cardiac Valve And Other Major Cardiothoracic Procedures Without Cardiac Catheterization With Mcc,259091
MODA,220,Cardiac Valve And Other Major Cardiothoracic Procedures Without Cardiac Catheterization With Cc,184477
MODA,233,Coronary Bypass With Cardiac Catheterization Or Open Ablation With Mcc,248744
MODA,246,Percutaneous Cardiovascular Procedures With Drug-Eluting Stent With Mcc Or 4+ Arteries Or Stents,77737
MODA,267,Endovascular Cardiac Valve Replacement And Supplement Procedures Without Mcc,97756
MODA,330,Major Small And Large Bowel Procedures With Cc,53066
MODA,372,Major Gastrointestinal Disorders And Peritoneal Infections With Cc,17779
MODA,391,"Esophagitis, Gastroenteritis And Miscellaneous Digestive Disorders With Mcc",39496
MODA,393,Other Digestive System Diagnoses With Mcc,31417
MODA,405,"Pancreas, Liver And Shunt Procedures With Mcc",89899
MODA,455,Combined Anterior And Posterior Spinal Fusion Without Cc/Mcc,103622
MODA,519,Back And Neck Procedures Except Spinal Fusion With Cc,56113
MODA,639,Diabetes Without Cc/Mcc,15306
MODA,641,"Miscellaneous Disorders Of Nutrition, Metabolism, Fluids And Electrolytes Without Mcc",24417
MODA,683,Renal Failure With Cc,20408
MODA,787,Cesarean Section Without Sterilization With Cc,31293
MODA,790,"Extreme Immaturity Or Respiratory Distress Syndrome, Neonate",176169
MODA,793,Full Term Neonate With Major Problems,10923
MODA,795,Normal Newborn,5215
MODA,806,Vaginal Delivery Without Sterilization Or D&C With Cc,20157
MODA,807,Vaginal Delivery Without Sterilization Or D&C Without Cc/Mcc,20052
MODA,862,Postoperative And Post-Traumatic Infections With Mcc,35460
MODA,871,Septicemia Or Severe Sepsis Without Mv >96 Hours With Mcc,37121
MODA,920,Complications Of Treatment With Cc,28091
