Payer,MS-DRG,Description,Payer Specific Negotiated Charge
Molina,274,Percutaneous And Other Intracardiac Procedures Without Mcc,26864
Molina,394,Other Digestive System Diagnoses With Cc,30310
Molina,432,Cirrhosis And Alcoholic Hepatitis With Mcc,24734
Molina,786,Cesarean Section Without Sterilization With Mcc,15127
Molina,805,Vaginal Delivery Without Sterilization Or D&C With Mcc,8769
Molina,807,Vaginal Delivery Without Sterilization Or D&C Without Cc/Mcc,8213
Molina,871,Septicemia Or Severe Sepsis Without Mv >96 Hours With Mcc,24589
Molina,922,"Other Injury, Poisoning And Toxic Effect Diagnoses With Mcc",25875
