Payer,MS-DRG,Description,Payer Specific Negotiated Charge
Medicare Managed Care - Premera,33,Ventricular Shunt Procedures Without Cc/Mcc,13883
Medicare Managed Care - Premera,36,Carotid Artery Stent Procedures Without Cc/Mcc,15327
Medicare Managed Care - Premera,40,"Peripheral, Cranial Nerve And Other Nervous System Procedures With Mcc",31779
Medicare Managed Care - Premera,164,Major Chest Procedures With Cc,23962
Medicare Managed Care - Premera,167,Other Respiratory System O.R. Procedures With Cc,15019
Medicare Managed Care - Premera,189,Pulmonary Edema And Respiratory Failure,10384
Medicare Managed Care - Premera,253,Other Vascular Procedures With Cc,25079
Medicare Managed Care - Premera,271,Other Major Cardiovascular Procedures With Cc,28216
Medicare Managed Care - Premera,280,"Acute Myocardial Infarction, Discharged Alive With Mcc",13437
Medicare Managed Care - Premera,291,Heart Failure And Shock With Mcc,10637
Medicare Managed Care - Premera,299,Peripheral Vascular Disorders With Mcc,12431
Medicare Managed Care - Premera,308,Cardiac Arrhythmia And Conduction Disorders With Mcc,10130
Medicare Managed Care - Premera,309,Cardiac Arrhythmia And Conduction Disorders With Cc,6510
Medicare Managed Care - Premera,336,Peritoneal Adhesiolysis With Cc,18269
Medicare Managed Care - Premera,377,Gastrointestinal Hemorrhage With Mcc,14936
Medicare Managed Care - Premera,378,Gastrointestinal Hemorrhage With Cc,8274
Medicare Managed Care - Premera,439,Disorders Of Pancreas Except Malignancy With Cc,7107
Medicare Managed Care - Premera,460,Spinal Fusion Except Cervical Without Mcc,23123
Medicare Managed Care - Premera,544,Pathological Fractures And Musculoskeletal And Connective Tissue Malignancy Without Cc/Mcc,6621
Medicare Managed Care - Premera,673,Other Kidney And Urinary Tract Procedures With Mcc,28387
Medicare Managed Care - Premera,674,Other Kidney And Urinary Tract Procedures With Cc,19211
Medicare Managed Care - Premera,682,Renal Failure With Mcc,12504
Medicare Managed Care - Premera,683,Renal Failure With Cc,7368
Medicare Managed Care - Premera,690,Kidney And Urinary Tract Infections Without Mcc,6910
Medicare Managed Care - Premera,698,Other Kidney And Urinary Tract Diagnoses With Mcc,13410
Medicare Managed Care - Premera,812,Red Blood Cell Disorders Without Mcc,7560
Medicare Managed Care - Premera,853,Infectious And Parasitic Diseases With O.R. Procedures With Mcc,31991
Medicare Managed Care - Premera,854,Infectious And Parasitic Diseases With O.R. Procedures With Cc,17749
Medicare Managed Care - Premera,857,Postoperative Or Post-Traumatic Infections With O.R. Procedures With Cc,17383
