Payer,MS-DRG,Description,Payer Specific Negotiated Charge
Kaiser,3,"Ecmo Or Tracheostomy With Mv >96 Hours Or Principal Diagnosis Except Face, Mouth And Neck With Major",299766
Kaiser,4,"Tracheostomy With Mv >96 Hours Or Principal Diagnosis Except Face, Mouth And Neck Without Major O.R.",154080
Kaiser,25,Craniotomy And Endovascular Intracranial Procedures With Mcc,39353
Kaiser,54,Nervous System Neoplasms With Mcc,13325
Kaiser,62,"Ischemic Stroke, Precerebral Occlusion Or Transient Ischemia With Thrombolytic Agent With Cc",19612
Kaiser,64,Intracranial Hemorrhage Or Cerebral Infarction With Mcc,16311
Kaiser,95,Bacterial And Tuberculous Infections Of Nervous System With Cc,21312
Kaiser,100,Seizures With Mcc,16624
Kaiser,149,Dysequilibrium,6264
Kaiser,153,Otitis Media And Uri Without Mcc,6837
Kaiser,155,"Other Ear, Nose, Mouth And Throat Diagnoses With Cc",8083
Kaiser,163,Major Chest Procedures With Mcc,50916
Kaiser,164,Major Chest Procedures With Cc,23019
Kaiser,165,Major Chest Procedures Without Cc/Mcc,17370
Kaiser,166,Other Respiratory System O.R. Procedures With Mcc,34189
Kaiser,175,Pulmonary Embolism With Mcc Or Acute Cor Pulmonale,13917
Kaiser,176,Pulmonary Embolism Without Mcc,7546
Kaiser,177,Respiratory Infections And Inflammations With Mcc,16566
Kaiser,179,Respiratory Infections And Inflammations Without Cc/Mcc,7418
Kaiser,180,Respiratory Neoplasms With Mcc,15224
Kaiser,187,Pleural Effusion With Cc,9396
Kaiser,189,Pulmonary Edema And Respiratory Failure,10923
Kaiser,190,Chronic Obstructive Pulmonary Disease With Mcc,10071
Kaiser,193,Simple Pneumonia And Pleurisy With Mcc,11293
Kaiser,194,Simple Pneumonia And Pleurisy With Cc,9687
Kaiser,195,Simple Pneumonia And Pleurisy Without Cc/Mcc,5942
Kaiser,196,Interstitial Lung Disease With Mcc,14936
Kaiser,200,Pneumothorax With Cc,9150
Kaiser,203,Bronchitis And Asthma Without Cc/Mcc,6010
Kaiser,207,Respiratory System Diagnosis With Ventilator Support >96 Hours,170222
Kaiser,208,Respiratory System Diagnosis With Ventilator Support <=96 Hours,25209
Kaiser,226,Cardiac Defibrillator Implant Without Cardiac Catheterization With Mcc,59675
Kaiser,227,Cardiac Defibrillator Implant Without Cardiac Catheterization Without Mcc,47571
Kaiser,252,Other Vascular Procedures With Mcc,29972
Kaiser,263,Vein Ligation And Stripping,19662
Kaiser,264,Other Circulatory System O.R. Procedures,27963
Kaiser,266,Endovascular Cardiac Valve Replacement And Supplement Procedures With Mcc,72268
Kaiser,269,Aortic And Heart Assist Procedures Except Pulsation Balloon Without Mcc,44638
Kaiser,272,Other Major Cardiovascular Procedures Without Cc/Mcc,26175
Kaiser,280,"Acute Myocardial Infarction, Discharged Alive With Mcc",13939
Kaiser,286,"Circulatory Disorders Except Ami, With Cardiac Catheterization With Mcc",18682
Kaiser,299,Peripheral Vascular Disorders With Mcc,13321
Kaiser,301,Peripheral Vascular Disorders Without Cc/Mcc,6316
Kaiser,303,Atherosclerosis Without Mcc,5983
Kaiser,304,Hypertension With Mcc,9324
Kaiser,305,Hypertension Without Mcc,6289
Kaiser,308,Cardiac Arrhythmia And Conduction Disorders With Mcc,10460
Kaiser,309,Cardiac Arrhythmia And Conduction Disorders With Cc,6379
Kaiser,310,Cardiac Arrhythmia And Conduction Disorders Without Cc/Mcc,4895
Kaiser,312,Syncope And Collapse,7129
Kaiser,314,Other Circulatory System Diagnoses With Mcc,18340
Kaiser,329,Major Small And Large Bowel Procedures With Mcc,42685
Kaiser,330,Major Small And Large Bowel Procedures With Cc,22034
Kaiser,331,Major Small And Large Bowel Procedures Without Cc/Mcc,14797
Kaiser,335,Peritoneal Adhesiolysis With Mcc,34277
Kaiser,340,Appendectomy With Complicated Principal Diagnosis Without Cc/Mcc,10757
Kaiser,342,Appendectomy Without Complicated Principal Diagnosis With Cc,12485
Kaiser,343,Appendectomy Without Complicated Principal Diagnosis Without Cc/Mcc,9423
Kaiser,345,Minor Small And Large Bowel Procedures With Cc,13720
Kaiser,353,Hernia Procedures Except Inguinal And Femoral With Mcc,27372
Kaiser,355,Hernia Procedures Except Inguinal And Femoral Without Cc/Mcc,11841
Kaiser,371,Major Gastrointestinal Disorders And Peritoneal Infections With Mcc,15002
Kaiser,374,Digestive Malignancy With Mcc,18071
Kaiser,375,Digestive Malignancy With Cc,11250
Kaiser,377,Gastrointestinal Hemorrhage With Mcc,15782
Kaiser,378,Gastrointestinal Hemorrhage With Cc,8695
Kaiser,379,Gastrointestinal Hemorrhage Without Cc/Mcc,5416
Kaiser,381,Complicated Peptic Ulcer With Cc,9368
Kaiser,389,Gastrointestinal Obstruction With Cc,7706
Kaiser,390,Gastrointestinal Obstruction Without Cc/Mcc,5190
Kaiser,391,"Esophagitis, Gastroenteritis And Miscellaneous Digestive Disorders With Mcc",10964
Kaiser,392,"Esophagitis, Gastroenteritis And Miscellaneous Digestive Disorders Without Mcc",6848
Kaiser,394,Other Digestive System Diagnoses With Cc,8219
Kaiser,395,Other Digestive System Diagnoses Without Cc/Mcc,5808
Kaiser,408,Biliary Tract Procedures Except Only Cholecystectomy With Or Without C.D.E. With Mcc,32456
Kaiser,417,Laparoscopic Cholecystectomy Without C.D.E. With Mcc,20930
Kaiser,418,Laparoscopic Cholecystectomy Without C.D.E. With Cc,14356
Kaiser,419,Laparoscopic Cholecystectomy Without C.D.E. Without Cc/Mcc,11544
Kaiser,432,Cirrhosis And Alcoholic Hepatitis With Mcc,18049
Kaiser,433,Cirrhosis And Alcoholic Hepatitis With Cc,8919
Kaiser,454,Combined Anterior And Posterior Spinal Fusion With Cc,57538
Kaiser,455,Combined Anterior And Posterior Spinal Fusion Without Cc/Mcc,50221
Kaiser,466,Revision Of Hip Or Knee Replacement With Mcc,50102
Kaiser,472,Cervical Spinal Fusion With Cc,29291
Kaiser,473,Cervical Spinal Fusion Without Cc/Mcc,23104
Kaiser,483,Major Joint Or Limb Reattachment Procedures Of Upper Extremities,29915
Kaiser,485,Knee Procedures With Principal Diagnosis Of Infection With Mcc,31479
Kaiser,493,"Lower Extremity And Humerus Procedures Except Hip, Foot And Femur With Cc",21876
Kaiser,548,Septic Arthritis With Mcc,17432
Kaiser,551,Medical Back Problems With Mcc,14262
Kaiser,602,Cellulitis With Mcc,13334
Kaiser,603,Cellulitis Without Mcc,7520
Kaiser,606,Minor Skin Disorders With Mcc,12853
Kaiser,617,"Amputation Of Lower Limb For Endocrine, Nutritional And Metabolic Disorders With Cc",17858
Kaiser,623,"Skin Grafts And Wound Debridement For Endocrine, Nutritional And Metabolic Disorders With Cc",15777
Kaiser,628,"Other Endocrine, Nutritional And Metabolic O.R. Procedures With Mcc",31802
Kaiser,637,Diabetes With Mcc,11913
Kaiser,638,Diabetes With Cc,7806
Kaiser,640,"Miscellaneous Disorders Of Nutrition, Metabolism, Fluids And Electrolytes With Mcc",10580
Kaiser,641,"Miscellaneous Disorders Of Nutrition, Metabolism, Fluids And Electrolytes Without Mcc",6544
Kaiser,643,Endocrine Disorders With Mcc,14390
Kaiser,644,Endocrine Disorders With Cc,8768
Kaiser,655,Major Bladder Procedures Without Cc/Mcc,17935
Kaiser,660,Kidney And Ureter Procedures For Non-Neoplasm With Cc,12461
Kaiser,661,Kidney And Ureter Procedures For Non-Neoplasm Without Cc/Mcc,9580
Kaiser,673,Other Kidney And Urinary Tract Procedures With Mcc,30096
Kaiser,682,Renal Failure With Mcc,12872
Kaiser,683,Renal Failure With Cc,7786
Kaiser,684,Renal Failure Without Cc/Mcc,5167
Kaiser,690,Kidney And Urinary Tract Infections Without Mcc,6964
Kaiser,694,Urinary Stones Without Mcc,6555
Kaiser,698,Other Kidney And Urinary Tract Diagnoses With Mcc,14167
Kaiser,708,Major Male Pelvic Procedures Without Cc/Mcc,12675
Kaiser,743,Uterine And Adnexa Procedures For Non-Malignancy Without Cc/Mcc,9629
Kaiser,747,"Vagina, Cervix And Vulva Procedures Without Cc/Mcc",10115
Kaiser,749,Other Female Reproductive System O.R. Procedures With Cc/Mcc,23749
Kaiser,768,Vaginal Delivery With O.R. Procedures Except Sterilization And/Or D&C,10182
Kaiser,770,"Abortion With D&C, Aspiration Curettage Or Hysterotomy",7852
Kaiser,776,Postpartum And Post Abortion Diagnoses Without O.R. Procedures,6583
Kaiser,783,Cesarean Section With Sterilization With Mcc,15937
Kaiser,784,Cesarean Section With Sterilization With Cc,9315
Kaiser,786,Cesarean Section Without Sterilization With Mcc,13663
Kaiser,787,Cesarean Section Without Sterilization With Cc,9157
Kaiser,789,"Neonates, Died Or Transferred To Another Acute Care Facility",14861
Kaiser,791,Prematurity With Major Problems,32927
Kaiser,792,Prematurity Without Major Problems,5856
Kaiser,793,Full Term Neonate With Major Problems,20423
Kaiser,794,Neonate With Other Significant Problems,6023
Kaiser,795,Normal Newborn,1621
Kaiser,798,Vaginal Delivery With Sterilization And/Or D&C Without Cc/Mcc,7034
Kaiser,805,Vaginal Delivery Without Sterilization Or D&C With Mcc,8754
Kaiser,806,Vaginal Delivery Without Sterilization Or D&C With Cc,6244
Kaiser,807,Vaginal Delivery Without Sterilization Or D&C Without Cc/Mcc,5460
Kaiser,808,Major Hematological And Immunological Diagnoses Except Sickle Cell Crisis And Coagulation Disorders ,19187
Kaiser,809,Major Hematological And Immunological Diagnoses Except Sickle Cell Crisis And Coagulation Disorders ,11173
Kaiser,812,Red Blood Cell Disorders Without Mcc,7971
Kaiser,813,Coagulation Disorders,19533
Kaiser,820,Lymphoma And Leukemia With Major O.R. Procedures With Mcc,51213
Kaiser,823,Lymphoma And Non-Acute Leukemia With Other Procedures With Mcc,45571
Kaiser,831,Other Antepartum Diagnoses Without O.R. Procedures With Mcc,10010
Kaiser,832,Other Antepartum Diagnoses Without O.R. Procedures With Cc,6875
Kaiser,833,Other Antepartum Diagnoses Without O.R. Procedures Without Cc/Mcc,4564
Kaiser,834,Acute Leukemia Without Major O.R. Procedures With Mcc,204420
Kaiser,839,Chemotherapy With Acute Leukemia As Secondary Diagnosis Without Cc/Mcc,14679
Kaiser,847,Chemotherapy Without Acute Leukemia As Secondary Diagnosis With Cc,13219
Kaiser,853,Infectious And Parasitic Diseases With O.R. Procedures With Mcc,44782
Kaiser,854,Infectious And Parasitic Diseases With O.R. Procedures With Cc,18529
Kaiser,856,Postoperative Or Post-Traumatic Infections With O.R. Procedures With Mcc,40151
Kaiser,862,Postoperative And Post-Traumatic Infections With Mcc,16897
Kaiser,863,Postoperative And Post-Traumatic Infections Without Mcc,8597
Kaiser,866,Viral Illness Without Mcc,7650
Kaiser,871,Septicemia Or Severe Sepsis Without Mv >96 Hours With Mcc,16876
Kaiser,872,Septicemia Or Severe Sepsis Without Mv >96 Hours Without Mcc,9045
Kaiser,880,Acute Adjustment Reaction And Psychosocial Dysfunction,11727
Kaiser,896,"Alcohol, Drug Abuse Or Dependence Without Rehabilitation Therapy With Mcc",15350
Kaiser,897,"Alcohol, Drug Abuse Or Dependence Without Rehabilitation Therapy Without Mcc",7291
Kaiser,918,Poisoning And Toxic Effects Of Drugs Without Mcc,6853
Kaiser,941,O.R. Procedures With Diagnoses Of Other Contact With Health Services Without Cc/Mcc,16346
Kaiser,948,Signs And Symptoms Without Mcc,6811
Kaiser,951,Other Factors Influencing Health Status,4757
