Payer,MS-DRG,Description,Payer Specific Negotiated Charge
Multiplan,177,Respiratory Infections And Inflammations With Mcc,29552
Multiplan,270,Other Major Cardiovascular Procedures With Mcc,81897
Multiplan,314,Other Circulatory System Diagnoses With Mcc,46968
Multiplan,330,Major Small And Large Bowel Procedures With Cc,71254
Multiplan,371,Major Gastrointestinal Disorders And Peritoneal Infections With Mcc,20239
Multiplan,372,Major Gastrointestinal Disorders And Peritoneal Infections With Cc,28212
Multiplan,690,Kidney And Urinary Tract Infections Without Mcc,16518
Multiplan,788,Cesarean Section Without Sterilization Without Cc/Mcc,26842
Multiplan,791,Prematurity With Major Problems,93518
Multiplan,795,Normal Newborn,2582
Multiplan,870,Septicemia Or Severe Sepsis With Mv >96 Hours,259658
Multiplan,872,Septicemia Or Severe Sepsis Without Mv >96 Hours Without Mcc,22400
