Payer,MS-DRG,Description,Payer Specific Negotiated Charge
Medicare Managed Care - CHPW,4,"Tracheostomy With Mv >96 Hours Or Principal Diagnosis Except Face, Mouth And Neck Without Major O.R.",93755
Medicare Managed Care - CHPW,64,Intracranial Hemorrhage Or Cerebral Infarction With Mcc,15791
Medicare Managed Care - CHPW,65,Intracranial Hemorrhage Or Cerebral Infarction With Cc Or Tpa In 24 Hours,8708
Medicare Managed Care - CHPW,69,Transient Ischemia Without Thrombolytic,6864
Medicare Managed Care - CHPW,83,Traumatic Stupor And Coma >1 Hour With Cc,11365
Medicare Managed Care - CHPW,86,Traumatic Stupor And Coma <1 Hour With Cc,10699
Medicare Managed Care - CHPW,92,Other Disorders Of Nervous System With Cc,8356
Medicare Managed Care - CHPW,100,Seizures With Mcc,15228
Medicare Managed Care - CHPW,101,Seizures Without Mcc,7523
Medicare Managed Care - CHPW,149,Dysequilibrium,6337
Medicare Managed Care - CHPW,165,Major Chest Procedures Without Cc/Mcc,15555
Medicare Managed Care - CHPW,166,Other Respiratory System O.R. Procedures With Mcc,33605
Medicare Managed Care - CHPW,175,Pulmonary Embolism With Mcc Or Acute Cor Pulmonale,11190
Medicare Managed Care - CHPW,177,Respiratory Infections And Inflammations With Mcc,15035
Medicare Managed Care - CHPW,186,Pleural Effusion With Mcc,12686
Medicare Managed Care - CHPW,189,Pulmonary Edema And Respiratory Failure,10316
Medicare Managed Care - CHPW,193,Simple Pneumonia And Pleurisy With Mcc,11157
Medicare Managed Care - CHPW,205,Other Respiratory System Diagnoses With Mcc,13965
Medicare Managed Care - CHPW,208,Respiratory System Diagnosis With Ventilator Support <=96 Hours,20532
Medicare Managed Care - CHPW,215,Other Heart Assist System Implant,87855
Medicare Managed Care - CHPW,219,Cardiac Valve And Other Major Cardiothoracic Procedures Without Cardiac Catheterization With Mcc,65725
Medicare Managed Care - CHPW,236,Coronary Bypass Without Cardiac Catheterization Without Mcc,32526
Medicare Managed Care - CHPW,239,Amputation For Circulatory System Disorders Except Upper Limb And Toe With Mcc,39089
Medicare Managed Care - CHPW,243,Permanent Cardiac Pacemaker Implant With Cc,20384
Medicare Managed Care - CHPW,246,Percutaneous Cardiovascular Procedures With Drug-Eluting Stent With Mcc Or 4+ Arteries Or Stents,25794
Medicare Managed Care - CHPW,247,Percutaneous Cardiovascular Procedures With Drug-Eluting Stent Without Mcc,16124
Medicare Managed Care - CHPW,252,Other Vascular Procedures With Mcc,27039
Medicare Managed Care - CHPW,253,Other Vascular Procedures With Cc,21658
Medicare Managed Care - CHPW,254,Other Vascular Procedures Without Cc/Mcc,15164
Medicare Managed Care - CHPW,255,Upper Limb And Toe Amputation For Circulatory System Disorders With Mcc,20639
Medicare Managed Care - CHPW,256,Upper Limb And Toe Amputation For Circulatory System Disorders With Cc,11029
Medicare Managed Care - CHPW,270,Other Major Cardiovascular Procedures With Mcc,42367
Medicare Managed Care - CHPW,271,Other Major Cardiovascular Procedures With Cc,28473
Medicare Managed Care - CHPW,280,"Acute Myocardial Infarction, Discharged Alive With Mcc",13372
Medicare Managed Care - CHPW,281,"Acute Myocardial Infarction, Discharged Alive With Cc",7861
Medicare Managed Care - CHPW,286,"Circulatory Disorders Except Ami, With Cardiac Catheterization With Mcc",18123
Medicare Managed Care - CHPW,287,"Circulatory Disorders Except Ami, With Cardiac Catheterization Without Mcc",9532
Medicare Managed Care - CHPW,291,Heart Failure And Shock With Mcc,10789
Medicare Managed Care - CHPW,292,Heart Failure And Shock With Cc,7572
Medicare Managed Care - CHPW,299,Peripheral Vascular Disorders With Mcc,12928
Medicare Managed Care - CHPW,304,Hypertension With Mcc,9140
Medicare Managed Care - CHPW,305,Hypertension Without Mcc,6346
Medicare Managed Care - CHPW,308,Cardiac Arrhythmia And Conduction Disorders With Mcc,9966
Medicare Managed Care - CHPW,309,Cardiac Arrhythmia And Conduction Disorders With Cc,6668
Medicare Managed Care - CHPW,310,Cardiac Arrhythmia And Conduction Disorders Without Cc/Mcc,4923
Medicare Managed Care - CHPW,312,Syncope And Collapse,7240
Medicare Managed Care - CHPW,314,Other Circulatory System Diagnoses With Mcc,14582
Medicare Managed Care - CHPW,315,Other Circulatory System Diagnoses With Cc,8184
Medicare Managed Care - CHPW,329,Major Small And Large Bowel Procedures With Mcc,42572
Medicare Managed Care - CHPW,330,Major Small And Large Bowel Procedures With Cc,21047
Medicare Managed Care - CHPW,331,Major Small And Large Bowel Procedures Without Cc/Mcc,13977
Medicare Managed Care - CHPW,351,Inguinal And Femoral Hernia Procedures With Cc,12576
Medicare Managed Care - CHPW,352,Inguinal And Femoral Hernia Procedures Without Cc/Mcc,9184
Medicare Managed Care - CHPW,368,Major Esophageal Disorders With Mcc,15751
Medicare Managed Care - CHPW,369,Major Esophageal Disorders With Cc,9207
Medicare Managed Care - CHPW,371,Major Gastrointestinal Disorders And Peritoneal Infections With Mcc,14091
Medicare Managed Care - CHPW,376,Digestive Malignancy Without Cc/Mcc,6300
Medicare Managed Care - CHPW,377,Gastrointestinal Hemorrhage With Mcc,14923
Medicare Managed Care - CHPW,381,Complicated Peptic Ulcer With Cc,8860
Medicare Managed Care - CHPW,386,Inflammatory Bowel Disease With Cc,8356
Medicare Managed Care - CHPW,388,Gastrointestinal Obstruction With Mcc,12419
Medicare Managed Care - CHPW,389,Gastrointestinal Obstruction With Cc,7099
Medicare Managed Care - CHPW,390,Gastrointestinal Obstruction Without Cc/Mcc,5127
Medicare Managed Care - CHPW,391,"Esophagitis, Gastroenteritis And Miscellaneous Digestive Disorders With Mcc",10637
Medicare Managed Care - CHPW,392,"Esophagitis, Gastroenteritis And Miscellaneous Digestive Disorders Without Mcc",6730
Medicare Managed Care - CHPW,393,Other Digestive System Diagnoses With Mcc,13954
Medicare Managed Care - CHPW,418,Laparoscopic Cholecystectomy Without C.D.E. With Cc,14071
Medicare Managed Care - CHPW,442,"Disorders Of Liver Except Malignancy, Cirrhosis Or Alcoholic Hepatitis With Cc",7944
Medicare Managed Care - CHPW,453,Combined Anterior And Posterior Spinal Fusion With Mcc,74726
Medicare Managed Care - CHPW,454,Combined Anterior And Posterior Spinal Fusion With Cc,48295
Medicare Managed Care - CHPW,455,Combined Anterior And Posterior Spinal Fusion Without Cc/Mcc,39150
Medicare Managed Care - CHPW,461,Bilateral Or Multiple Major Joint Procedures Of Lower Extremity With Mcc,48211
Medicare Managed Care - CHPW,467,Revision Of Hip Or Knee Replacement With Cc,26006
Medicare Managed Care - CHPW,479,Biopsies Of Musculoskeletal System And Connective Tissue Without Cc/Mcc,14739
Medicare Managed Care - CHPW,481,Hip And Femur Procedures Except Major Joint With Cc,16986
Medicare Managed Care - CHPW,502,Soft Tissue Procedures Without Cc/Mcc,10995
Medicare Managed Care - CHPW,518,Back And Neck Procedures Except Spinal Fusion With Mcc Or Disc Device Or Neurostimulator,29610
Medicare Managed Care - CHPW,535,Fractures Of Hip And Pelvis With Mcc,10280
Medicare Managed Care - CHPW,552,Medical Back Problems Without Mcc,7968
Medicare Managed Care - CHPW,603,Cellulitis Without Mcc,7193
Medicare Managed Care - CHPW,617,"Amputation Of Lower Limb For Endocrine, Nutritional And Metabolic Disorders With Cc",17003
Medicare Managed Care - CHPW,628,"Other Endocrine, Nutritional And Metabolic O.R. Procedures With Mcc",29575
Medicare Managed Care - CHPW,629,"Other Endocrine, Nutritional And Metabolic O.R. Procedures With Cc",19017
Medicare Managed Care - CHPW,637,Diabetes With Mcc,11382
Medicare Managed Care - CHPW,640,"Miscellaneous Disorders Of Nutrition, Metabolism, Fluids And Electrolytes With Mcc",10204
Medicare Managed Care - CHPW,641,"Miscellaneous Disorders Of Nutrition, Metabolism, Fluids And Electrolytes Without Mcc",6636
Medicare Managed Care - CHPW,673,Other Kidney And Urinary Tract Procedures With Mcc,27708
Medicare Managed Care - CHPW,674,Other Kidney And Urinary Tract Procedures With Cc,19707
Medicare Managed Care - CHPW,682,Renal Failure With Mcc,12439
Medicare Managed Care - CHPW,683,Renal Failure With Cc,7676
Medicare Managed Care - CHPW,687,Kidney And Urinary Tract Neoplasms With Cc,9142
Medicare Managed Care - CHPW,689,Kidney And Urinary Tract Infections With Mcc,9474
Medicare Managed Care - CHPW,690,Kidney And Urinary Tract Infections Without Mcc,6977
Medicare Managed Care - CHPW,700,Other Kidney And Urinary Tract Diagnoses Without Cc/Mcc,6540
Medicare Managed Care - CHPW,708,Major Male Pelvic Procedures Without Cc/Mcc,12223
Medicare Managed Care - CHPW,718,Other Male Reproductive System O.R. Procedures Except Malignancy Without Cc/Mcc,10269
Medicare Managed Care - CHPW,807,Vaginal Delivery Without Sterilization Or D&C Without Cc/Mcc,5693
Medicare Managed Care - CHPW,813,Coagulation Disorders,12698
Medicare Managed Care - CHPW,834,Acute Leukemia Without Major O.R. Procedures With Mcc,49690
Medicare Managed Care - CHPW,853,Infectious And Parasitic Diseases With O.R. Procedures With Mcc,39357
Medicare Managed Care - CHPW,854,Infectious And Parasitic Diseases With O.R. Procedures With Cc,17770
Medicare Managed Care - CHPW,856,Postoperative Or Post-Traumatic Infections With O.R. Procedures With Mcc,25106
Medicare Managed Care - CHPW,862,Postoperative And Post-Traumatic Infections With Mcc,15833
Medicare Managed Care - CHPW,870,Septicemia Or Severe Sepsis With Mv >96 Hours,52721
Medicare Managed Care - CHPW,871,Septicemia Or Severe Sepsis Without Mv >96 Hours With Mcc,15410
Medicare Managed Care - CHPW,872,Septicemia Or Severe Sepsis Without Mv >96 Hours Without Mcc,8873
Medicare Managed Care - CHPW,884,Organic Disturbances And Intellectual Disability,11937
Medicare Managed Care - CHPW,885,Psychoses,10615
Medicare Managed Care - CHPW,897,"Alcohol, Drug Abuse Or Dependence Without Rehabilitation Therapy Without Mcc",7085
Medicare Managed Care - CHPW,918,Poisoning And Toxic Effects Of Drugs Without Mcc,6905
Medicare Managed Care - CHPW,919,Complications Of Treatment With Mcc,15167
Medicare Managed Care - CHPW,948,Signs And Symptoms Without Mcc,6868
Medicare Managed Care - CHPW,951,Other Factors Influencing Health Status,4921
Medicare Managed Care - CHPW,981,Extensive O.R. Procedures Unrelated To Principal Diagnosis With Mcc,36808
