Payer,MS-DRG,Description,Payer Specific Negotiated Charge
Premera Heritage,165,Major Chest Procedures Without Cc/Mcc,50081
Premera Heritage,176,Pulmonary Embolism Without Mcc,10289
Premera Heritage,177,Respiratory Infections And Inflammations With Mcc,21413
Premera Heritage,207,Respiratory System Diagnosis With Ventilator Support >96 Hours,137524
Premera Heritage,234,Coronary Bypass With Cardiac Catheterization Or Open Ablation Without Mcc,61703
Premera Heritage,281,"Acute Myocardial Infarction, Discharged Alive With Cc",16815
Premera Heritage,308,Cardiac Arrhythmia And Conduction Disorders With Mcc,13917
Premera Heritage,310,Cardiac Arrhythmia And Conduction Disorders Without Cc/Mcc,8838
Premera Heritage,331,Major Small And Large Bowel Procedures Without Cc/Mcc,19844
Premera Heritage,380,Complicated Peptic Ulcer With Mcc,21851
Premera Heritage,381,Complicated Peptic Ulcer With Cc,12297
Premera Heritage,386,Inflammatory Bowel Disease With Cc,11529
Premera Heritage,392,"Esophagitis, Gastroenteritis And Miscellaneous Digestive Disorders Without Mcc",8870
Premera Heritage,393,Other Digestive System Diagnoses With Mcc,19188
Premera Heritage,417,Laparoscopic Cholecystectomy Without C.D.E. With Mcc,28122
Premera Heritage,418,Laparoscopic Cholecystectomy Without C.D.E. With Cc,19589
Premera Heritage,439,Disorders Of Pancreas Except Malignancy With Cc,9798
Premera Heritage,440,Disorders Of Pancreas Except Malignancy Without Cc/Mcc,7031
Premera Heritage,455,Combined Anterior And Posterior Spinal Fusion Without Cc/Mcc,55595
Premera Heritage,481,Hip And Femur Procedures Except Major Joint With Cc,59744
Premera Heritage,516,Other Musculoskeletal System And Connective Tissue O.R. Procedures With Cc,22757
Premera Heritage,658,Kidney And Ureter Procedures For Neoplasm Without Cc/Mcc,36785
Premera Heritage,785,Cesarean Section With Sterilization Without Cc/Mcc,10621
Premera Heritage,788,Cesarean Section Without Sterilization Without Cc/Mcc,13637
Premera Heritage,790,"Extreme Immaturity Or Respiratory Distress Syndrome, Neonate",212593
Premera Heritage,792,Prematurity Without Major Problems,8838
Premera Heritage,793,Full Term Neonate With Major Problems,15022
Premera Heritage,794,Neonate With Other Significant Problems,9158
Premera Heritage,795,Normal Newborn,2183
Premera Heritage,805,Vaginal Delivery Without Sterilization Or D&C With Mcc,11957
Premera Heritage,806,Vaginal Delivery Without Sterilization Or D&C With Cc,8516
Premera Heritage,807,Vaginal Delivery Without Sterilization Or D&C Without Cc/Mcc,7439
Premera Heritage,833,Other Antepartum Diagnoses Without O.R. Procedures Without Cc/Mcc,6220
Premera Heritage,871,Septicemia Or Severe Sepsis Without Mv >96 Hours With Mcc,21679
Premera Heritage,872,Septicemia Or Severe Sepsis Without Mv >96 Hours Without Mcc,12151
Premera Heritage,894,"Alcohol, Drug Abuse Or Dependence, Left Ama",11745
