MS-DRG,Description,De-Identified Minimum Negotiated Charge
3,"Ecmo Or Tracheostomy With Mv >96 Hours Or Principal Diagnosis Except Face, Mouth And Neck With Major",94336
4,"Tracheostomy With Mv >96 Hours Or Principal Diagnosis Except Face, Mouth And Neck Without Major O.R.",88698
24,Craniotomy With Major Device Implant Or Acute Complex Cns Principal Diagnosis Without Mcc,31488
25,Craniotomy And Endovascular Intracranial Procedures With Mcc,24249
26,Craniotomy And Endovascular Intracranial Procedures With Cc,29771
27,Craniotomy And Endovascular Intracranial Procedures Without Cc/Mcc,15382
28,Spinal Procedures With Mcc,69572
29,Spinal Procedures With Cc Or Spinal Neurostimulators,16956
31,Ventricular Shunt Procedures With Mcc,86953
32,Ventricular Shunt Procedures With Cc,18033
33,Ventricular Shunt Procedures Without Cc/Mcc,13883
35,Carotid Artery Stent Procedures With Cc,19092
36,Carotid Artery Stent Procedures Without Cc/Mcc,8923
38,Extracranial Procedures With Cc,10131
39,Extracranial Procedures Without Cc/Mcc,9687
40,"Peripheral, Cranial Nerve And Other Nervous System Procedures With Mcc",31779
41,"Peripheral, Cranial Nerve And Other Nervous System Procedures With Cc Or Peripheral Neurostimulator",19796
54,Nervous System Neoplasms With Mcc,8189
55,Nervous System Neoplasms Without Mcc,25784
56,Degenerative Nervous System Disorders With Mcc,17909
57,Degenerative Nervous System Disorders Without Mcc,10835
58,Multiple Sclerosis And Cerebellar Ataxia With Mcc,20761
59,Multiple Sclerosis And Cerebellar Ataxia With Cc,9821
60,Multiple Sclerosis And Cerebellar Ataxia Without Cc/Mcc,10945
62,"Ischemic Stroke, Precerebral Occlusion Or Transient Ischemia With Thrombolytic Agent With Cc",12771
63,"Ischemic Stroke, Precerebral Occlusion Or Transient Ischemia With Thrombolytic Agent Without Cc/Mcc",20440
64,Intracranial Hemorrhage Or Cerebral Infarction With Mcc,8457
65,Intracranial Hemorrhage Or Cerebral Infarction With Cc Or Tpa In 24 Hours,6963
66,Intracranial Hemorrhage Or Cerebral Infarction Without Cc/Mcc,5928
67,Nonspecific Cva And Precerebral Occlusion Without Infarction With Mcc,17030
69,Transient Ischemia Without Thrombolytic,6147
70,Nonspecific Cerebrovascular Disorders With Mcc,13815
71,Nonspecific Cerebrovascular Disorders With Cc,4587
72,Nonspecific Cerebrovascular Disorders Without Cc/Mcc,26131
73,Cranial And Peripheral Nerve Disorders With Mcc,9028
74,Cranial And Peripheral Nerve Disorders Without Mcc,8536
78,Hypertensive Encephalopathy With Cc,8218
80,Nontraumatic Stupor And Coma With Mcc,14074
82,Traumatic Stupor And Coma >1 Hour With Mcc,26993
83,Traumatic Stupor And Coma >1 Hour With Cc,11095
84,Traumatic Stupor And Coma >1 Hour Without Cc/Mcc,4847
85,Traumatic Stupor And Coma <1 Hour With Mcc,19036
86,Traumatic Stupor And Coma <1 Hour With Cc,9546
87,Traumatic Stupor And Coma <1 Hour Without Cc/Mcc,10312
91,Other Disorders Of Nervous System With Mcc,13498
92,Other Disorders Of Nervous System With Cc,8356
93,Other Disorders Of Nervous System Without Cc/Mcc,20776
94,Bacterial And Tuberculous Infections Of Nervous System With Mcc,43430
95,Bacterial And Tuberculous Infections Of Nervous System With Cc,21312
96,Bacterial And Tuberculous Infections Of Nervous System Without Cc/Mcc,27871
97,Non-Bacterial Infection Of Nervous System Except Viral Meningitis With Mcc,31307
98,Non-Bacterial Infection Of Nervous System Except Viral Meningitis With Cc,19894
99,Non-Bacterial Infection Of Nervous System Except Viral Meningitis Without Cc/Mcc,26614
100,Seizures With Mcc,7515
101,Seizures Without Mcc,4219
103,Headaches Without Mcc,5448
123,Neurological Eye Disorders,7688
125,Other Disorders Of The Eye Without Mcc,25422
137,Mouth Procedures With Cc/Mcc,10934
138,Mouth Procedures Without Cc/Mcc,4985
141,Major Head And Neck Procedures With Cc,15018
142,Major Head And Neck Procedures Without Cc/Mcc,19232
144,"Other Ear, Nose, Mouth And Throat O.R. Procedures With Cc",20925
145,"Other Ear, Nose, Mouth And Throat O.R. Procedures Without Cc/Mcc",9977
146,"Ear, Nose, Mouth And Throat Malignancy With Mcc",17075
149,Dysequilibrium,6264
150,Epistaxis With Mcc,11270
152,Otitis Media And Uri With Mcc,5586
153,Otitis Media And Uri Without Mcc,3016
155,"Other Ear, Nose, Mouth And Throat Diagnoses With Cc",7692
158,Dental And Oral Diseases With Cc,5571
163,Major Chest Procedures With Mcc,20753
164,Major Chest Procedures With Cc,15182
165,Major Chest Procedures Without Cc/Mcc,13401
166,Other Respiratory System O.R. Procedures With Mcc,30319
167,Other Respiratory System O.R. Procedures With Cc,15019
168,Other Respiratory System O.R. Procedures Without Cc/Mcc,24334
175,Pulmonary Embolism With Mcc Or Acute Cor Pulmonale,7144
176,Pulmonary Embolism Without Mcc,4410
177,Respiratory Infections And Inflammations With Mcc,14249
178,Respiratory Infections And Inflammations With Cc,5219
179,Respiratory Infections And Inflammations Without Cc/Mcc,3265
180,Respiratory Neoplasms With Mcc,14448
181,Respiratory Neoplasms With Cc,20244
184,Major Chest Trauma With Cc,5341
186,Pleural Effusion With Mcc,10990
187,Pleural Effusion With Cc,9396
189,Pulmonary Edema And Respiratory Failure,6098
190,Chronic Obstructive Pulmonary Disease With Mcc,9291
191,Chronic Obstructive Pulmonary Disease With Cc,9494
192,Chronic Obstructive Pulmonary Disease Without Cc/Mcc,4167
193,Simple Pneumonia And Pleurisy With Mcc,10838
194,Simple Pneumonia And Pleurisy With Cc,4047
195,Simple Pneumonia And Pleurisy Without Cc/Mcc,5942
196,Interstitial Lung Disease With Mcc,9518
197,Interstitial Lung Disease With Cc,12021
199,Pneumothorax With Mcc,7943
200,Pneumothorax With Cc,4981
201,Pneumothorax Without Cc/Mcc,3884
202,Bronchitis And Asthma With Cc/Mcc,3828
203,Bronchitis And Asthma Without Cc/Mcc,3118
204,Respiratory Signs And Symptoms,17531
205,Other Respiratory System Diagnoses With Mcc,13965
206,Other Respiratory System Diagnoses Without Mcc,10570
207,Respiratory System Diagnosis With Ventilator Support >96 Hours,32822
208,Respiratory System Diagnosis With Ventilator Support <=96 Hours,12772
215,Other Heart Assist System Implant,51026
216,Cardiac Valve And Other Major Cardiothoracic Procedures With Cardiac Catheterization With Mcc,86361
217,Cardiac Valve And Other Major Cardiothoracic Procedures With Cardiac Catheterization With Cc,76201
219,Cardiac Valve And Other Major Cardiothoracic Procedures Without Cardiac Catheterization With Mcc,50218
220,Cardiac Valve And Other Major Cardiothoracic Procedures Without Cardiac Catheterization With Cc,38430
221,Cardiac Valve And Other Major Cardiothoracic Procedures Without Cardiac Catheterization Without Cc/M,63122
223,"Cardiac Defibrillator Implant With Cardiac Catheterization With Ami, Hf Or Shock Without Mcc",171417
224,"Cardiac Defibrillator Implant With Cardiac Catheterization Without Ami, Hf Or Shock With Mcc",88008
225,"Cardiac Defibrillator Implant With Cardiac Catheterization Without Ami, Hf Or Shock Without Mcc",45371
226,Cardiac Defibrillator Implant Without Cardiac Catheterization With Mcc,59675
227,Cardiac Defibrillator Implant Without Cardiac Catheterization Without Mcc,47571
228,Other Cardiothoracic Procedures With Mcc,91668
229,Other Cardiothoracic Procedures Without Mcc,35013
231,Coronary Bypass With Ptca With Mcc,71221
232,Coronary Bypass With Ptca Without Mcc,54115
233,Coronary Bypass With Cardiac Catheterization Or Open Ablation With Mcc,58509
234,Coronary Bypass With Cardiac Catheterization Or Open Ablation Without Mcc,42706
235,Coronary Bypass Without Cardiac Catheterization With Mcc,47173
236,Coronary Bypass Without Cardiac Catheterization Without Mcc,32526
239,Amputation For Circulatory System Disorders Except Upper Limb And Toe With Mcc,38395
240,Amputation For Circulatory System Disorders Except Upper Limb And Toe With Cc,12032
242,Permanent Cardiac Pacemaker Implant With Mcc,20407
243,Permanent Cardiac Pacemaker Implant With Cc,19975
245,Aicd Generator Procedures,26992
246,Percutaneous Cardiovascular Procedures With Drug-Eluting Stent With Mcc Or 4+ Arteries Or Stents,17530
247,Percutaneous Cardiovascular Procedures With Drug-Eluting Stent Without Mcc,15087
250,Percutaneous Cardiovascular Procedures Without Coronary Artery Stent With Mcc,22234
252,Other Vascular Procedures With Mcc,16574
253,Other Vascular Procedures With Cc,15005
254,Other Vascular Procedures Without Cc/Mcc,13111
255,Upper Limb And Toe Amputation For Circulatory System Disorders With Mcc,20639
256,Upper Limb And Toe Amputation For Circulatory System Disorders With Cc,11029
263,Vein Ligation And Stripping,19662
264,Other Circulatory System O.R. Procedures,18244
266,Endovascular Cardiac Valve Replacement And Supplement Procedures With Mcc,58019
267,Endovascular Cardiac Valve Replacement And Supplement Procedures Without Mcc,46187
268,Aortic And Heart Assist Procedures Except Pulsation Balloon With Mcc,147183
269,Aortic And Heart Assist Procedures Except Pulsation Balloon Without Mcc,23119
270,Other Major Cardiovascular Procedures With Mcc,23063
271,Other Major Cardiovascular Procedures With Cc,28216
272,Other Major Cardiovascular Procedures Without Cc/Mcc,19331
273,Percutaneous And Other Intracardiac Procedures With Mcc,45870
274,Percutaneous And Other Intracardiac Procedures Without Mcc,26864
280,"Acute Myocardial Infarction, Discharged Alive With Mcc",8457
281,"Acute Myocardial Infarction, Discharged Alive With Cc",4642
282,"Acute Myocardial Infarction, Discharged Alive Without Cc/Mcc",7154
283,"Acute Myocardial Infarction, Expired With Mcc",13880
286,"Circulatory Disorders Except Ami, With Cardiac Catheterization With Mcc",10461
287,"Circulatory Disorders Except Ami, With Cardiac Catheterization Without Mcc",9021
288,Acute And Subacute Endocarditis With Mcc,32049
291,Heart Failure And Shock With Mcc,8834
292,Heart Failure And Shock With Cc,4438
293,Heart Failure And Shock Without Cc/Mcc,7216
296,"Cardiac Arrest, Unexplained With Mcc",9875
299,Peripheral Vascular Disorders With Mcc,12431
300,Peripheral Vascular Disorders With Cc,4758
301,Peripheral Vascular Disorders Without Cc/Mcc,6316
303,Atherosclerosis Without Mcc,5983
304,Hypertension With Mcc,6734
305,Hypertension Without Mcc,4073
307,Cardiac Congenital And Valvular Disorders Without Mcc,7728
308,Cardiac Arrhythmia And Conduction Disorders With Mcc,7080
309,Cardiac Arrhythmia And Conduction Disorders With Cc,4240
310,Cardiac Arrhythmia And Conduction Disorders Without Cc/Mcc,3317
311,Angina Pectoris,5490
312,Syncope And Collapse,4740
313,Chest Pain,6208
314,Other Circulatory System Diagnoses With Mcc,14582
315,Other Circulatory System Diagnoses With Cc,8184
316,Other Circulatory System Diagnoses Without Cc/Mcc,8960
326,"Stomach, Esophageal And Duodenal Procedures With Mcc",43094
327,"Stomach, Esophageal And Duodenal Procedures With Cc",19235
328,"Stomach, Esophageal And Duodenal Procedures Without Cc/Mcc",21828
329,Major Small And Large Bowel Procedures With Mcc,32764
330,Major Small And Large Bowel Procedures With Cc,15938
331,Major Small And Large Bowel Procedures Without Cc/Mcc,8230
333,Rectal Resection With Cc,19450
334,Rectal Resection Without Cc/Mcc,12652
335,Peritoneal Adhesiolysis With Mcc,32345
336,Peritoneal Adhesiolysis With Cc,18269
337,Peritoneal Adhesiolysis Without Cc/Mcc,13762
338,Appendectomy With Complicated Principal Diagnosis With Mcc,11250
339,Appendectomy With Complicated Principal Diagnosis With Cc,8570
340,Appendectomy With Complicated Principal Diagnosis Without Cc/Mcc,8836
341,Appendectomy Without Complicated Principal Diagnosis With Mcc,27688
342,Appendectomy Without Complicated Principal Diagnosis With Cc,12485
343,Appendectomy Without Complicated Principal Diagnosis Without Cc/Mcc,8640
344,Minor Small And Large Bowel Procedures With Mcc,14295
345,Minor Small And Large Bowel Procedures With Cc,13720
346,Minor Small And Large Bowel Procedures Without Cc/Mcc,10559
348,Anal And Stomal Procedures With Cc,11221
349,Anal And Stomal Procedures Without Cc/Mcc,20822
351,Inguinal And Femoral Hernia Procedures With Cc,12576
352,Inguinal And Femoral Hernia Procedures Without Cc/Mcc,9184
353,Hernia Procedures Except Inguinal And Femoral With Mcc,27372
354,Hernia Procedures Except Inguinal And Femoral With Cc,14533
355,Hernia Procedures Except Inguinal And Femoral Without Cc/Mcc,11841
356,Other Digestive System O.R. Procedures With Mcc,34434
357,Other Digestive System O.R. Procedures With Cc,13820
358,Other Digestive System O.R. Procedures Without Cc/Mcc,21604
368,Major Esophageal Disorders With Mcc,9424
369,Major Esophageal Disorders With Cc,7621
370,Major Esophageal Disorders Without Cc/Mcc,8580
371,Major Gastrointestinal Disorders And Peritoneal Infections With Mcc,7444
372,Major Gastrointestinal Disorders And Peritoneal Infections With Cc,6219
373,Major Gastrointestinal Disorders And Peritoneal Infections Without Cc/Mcc,5280
374,Digestive Malignancy With Mcc,16311
375,Digestive Malignancy With Cc,10414
376,Digestive Malignancy Without Cc/Mcc,6300
377,Gastrointestinal Hemorrhage With Mcc,8456
378,Gastrointestinal Hemorrhage With Cc,6044
379,Gastrointestinal Hemorrhage Without Cc/Mcc,4417
380,Complicated Peptic Ulcer With Mcc,14429
381,Complicated Peptic Ulcer With Cc,4470
382,Complicated Peptic Ulcer Without Cc/Mcc,22553
385,Inflammatory Bowel Disease With Mcc,19355
386,Inflammatory Bowel Disease With Cc,6337
387,Inflammatory Bowel Disease Without Cc/Mcc,4714
388,Gastrointestinal Obstruction With Mcc,12419
389,Gastrointestinal Obstruction With Cc,4158
390,Gastrointestinal Obstruction Without Cc/Mcc,2573
391,"Esophagitis, Gastroenteritis And Miscellaneous Digestive Disorders With Mcc",5356
392,"Esophagitis, Gastroenteritis And Miscellaneous Digestive Disorders Without Mcc",3584
393,Other Digestive System Diagnoses With Mcc,7265
394,Other Digestive System Diagnoses With Cc,4290
395,Other Digestive System Diagnoses Without Cc/Mcc,5808
405,"Pancreas, Liver And Shunt Procedures With Mcc",71816
406,"Pancreas, Liver And Shunt Procedures With Cc",34392
408,Biliary Tract Procedures Except Only Cholecystectomy With Or Without C.D.E. With Mcc,32456
414,Cholecystectomy Except By Laparoscope Without C.D.E. With Mcc,30211
417,Laparoscopic Cholecystectomy Without C.D.E. With Mcc,13377
418,Laparoscopic Cholecystectomy Without C.D.E. With Cc,8385
419,Laparoscopic Cholecystectomy Without C.D.E. Without Cc/Mcc,7576
420,Hepatobiliary Diagnostic Procedures With Mcc,16237
421,Hepatobiliary Diagnostic Procedures With Cc,11371
423,Other Hepatobiliary Or Pancreas O.R. Procedures With Mcc,34566
432,Cirrhosis And Alcoholic Hepatitis With Mcc,8479
433,Cirrhosis And Alcoholic Hepatitis With Cc,6965
435,Malignancy Of Hepatobiliary System Or Pancreas With Mcc,10915
436,Malignancy Of Hepatobiliary System Or Pancreas With Cc,9677
438,Disorders Of Pancreas Except Malignancy With Mcc,8306
439,Disorders Of Pancreas Except Malignancy With Cc,4514
440,Disorders Of Pancreas Except Malignancy Without Cc/Mcc,3755
441,"Disorders Of Liver Except Malignancy, Cirrhosis Or Alcoholic Hepatitis With Mcc",15533
442,"Disorders Of Liver Except Malignancy, Cirrhosis Or Alcoholic Hepatitis With Cc",6312
444,Disorders Of The Biliary Tract With Mcc,13828
445,Disorders Of The Biliary Tract With Cc,7375
446,Disorders Of The Biliary Tract Without Cc/Mcc,5984
453,Combined Anterior And Posterior Spinal Fusion With Mcc,73323
454,Combined Anterior And Posterior Spinal Fusion With Cc,36804
455,Combined Anterior And Posterior Spinal Fusion Without Cc/Mcc,20707
460,Spinal Fusion Except Cervical Without Mcc,21348
461,Bilateral Or Multiple Major Joint Procedures Of Lower Extremity With Mcc,48211
462,Bilateral Or Multiple Major Joint Procedures Of Lower Extremity Without Mcc,18200
463,Wound Debridement And Skin Graft Except Hand For Musculoskeletal And Connective Tissue Disorders Wit,45582
464,Wound Debridement And Skin Graft Except Hand For Musculoskeletal And Connective Tissue Disorders Wit,17172
466,Revision Of Hip Or Knee Replacement With Mcc,50102
467,Revision Of Hip Or Knee Replacement With Cc,26006
468,Revision Of Hip Or Knee Replacement Without Cc/Mcc,24089
470,Major Hip And Knee Joint Replacement Or Reattachment Of Lower Extremity Without Mcc,18855
471,Cervical Spinal Fusion With Mcc,39835
472,Cervical Spinal Fusion With Cc,13000
473,Cervical Spinal Fusion Without Cc/Mcc,20429
474,Amputation For Musculoskeletal System And Connective Tissue Disorders With Mcc,26330
475,Amputation For Musculoskeletal System And Connective Tissue Disorders With Cc,17973
477,Biopsies Of Musculoskeletal System And Connective Tissue With Mcc,24439
479,Biopsies Of Musculoskeletal System And Connective Tissue Without Cc/Mcc,14739
480,Hip And Femur Procedures Except Major Joint With Mcc,14793
481,Hip And Femur Procedures Except Major Joint With Cc,16986
482,Hip And Femur Procedures Except Major Joint Without Cc/Mcc,13421
483,Major Joint Or Limb Reattachment Procedures Of Upper Extremities,29915
485,Knee Procedures With Principal Diagnosis Of Infection With Mcc,31479
488,Knee Procedures Without Principal Diagnosis Of Infection With Cc/Mcc,51124
492,"Lower Extremity And Humerus Procedures Except Hip, Foot And Femur With Mcc",28297
493,"Lower Extremity And Humerus Procedures Except Hip, Foot And Femur With Cc",19013
494,"Lower Extremity And Humerus Procedures Except Hip, Foot And Femur Without Cc/Mcc",8651
495,Local Excision And Removal Of Internal Fixation Devices Except Hip And Femur With Mcc,43919
498,Local Excision And Removal Of Internal Fixation Devices Of Hip And Femur With Cc/Mcc,33396
500,Soft Tissue Procedures With Mcc,24168
501,Soft Tissue Procedures With Cc,20860
502,Soft Tissue Procedures Without Cc/Mcc,10995
504,Foot Procedures With Cc,28793
505,Foot Procedures Without Cc/Mcc,23643
511,"Shoulder, Elbow Or Forearm Procedures, Except Major Joint Procedures With Cc",16335
512,"Shoulder, Elbow Or Forearm Procedures, Except Major Joint Procedures Without Cc/Mcc",23198
513,"Hand Or Wrist Procedures, Except Major Thumb Or Joint Procedures With Cc/Mcc",13284
514,"Hand Or Wrist Procedures, Except Major Thumb Or Joint Procedures Without Cc/Mcc",5298
515,Other Musculoskeletal System And Connective Tissue O.R. Procedures With Mcc,21870
516,Other Musculoskeletal System And Connective Tissue O.R. Procedures With Cc,14444
517,Other Musculoskeletal System And Connective Tissue O.R. Procedures Without Cc/Mcc,11249
518,Back And Neck Procedures Except Spinal Fusion With Mcc Or Disc Device Or Neurostimulator,28670
519,Back And Neck Procedures Except Spinal Fusion With Cc,9430
520,Back And Neck Procedures Except Spinal Fusion Without Cc/Mcc,10581
522,Hip Replacement With Principal Diagnosis Of Hip Fracture Without Mcc,16867
533,Fractures Of Femur With Mcc,11960
535,Fractures Of Hip And Pelvis With Mcc,10280
536,Fractures Of Hip And Pelvis Without Mcc,9224
539,Osteomyelitis With Mcc,13080
543,Pathological Fractures And Musculoskeletal And Connective Tissue Malignancy With Cc,8818
544,Pathological Fractures And Musculoskeletal And Connective Tissue Malignancy Without Cc/Mcc,6621
545,Connective Tissue Disorders With Mcc,29879
546,Connective Tissue Disorders With Cc,10082
547,Connective Tissue Disorders Without Cc/Mcc,5603
548,Septic Arthritis With Mcc,17432
549,Septic Arthritis With Cc,4952
551,Medical Back Problems With Mcc,9571
552,Medical Back Problems Without Mcc,6317
556,Signs And Symptoms Of Musculoskeletal System And Connective Tissue Without Mcc,6311
557,"Tendonitis, Myositis And Bursitis With Mcc",6969
558,"Tendonitis, Myositis And Bursitis Without Mcc",4304
560,"Aftercare, Musculoskeletal System And Connective Tissue With Cc",9263
561,"Aftercare, Musculoskeletal System And Connective Tissue Without Cc/Mcc",10936
562,"Fracture, Sprain, Strain And Dislocation Except Femur, Hip, Pelvis And Thigh With Mcc",12238
564,Other Musculoskeletal System And Connective Tissue Diagnoses With Mcc,11644
565,Other Musculoskeletal System And Connective Tissue Diagnoses With Cc,8703
566,Other Musculoskeletal System And Connective Tissue Diagnoses Without Cc/Mcc,6495
570,Skin Debridement With Mcc,22114
571,Skin Debridement With Cc,11378
572,Skin Debridement Without Cc/Mcc,13180
574,Skin Graft For Skin Ulcer Or Cellulitis With Cc,38809
579,"Other Skin, Subcutaneous Tissue And Breast Procedures With Mcc",15633
580,"Other Skin, Subcutaneous Tissue And Breast Procedures With Cc",10316
581,"Other Skin, Subcutaneous Tissue And Breast Procedures Without Cc/Mcc",7249
584,"Breast Biopsy, Local Excision And Other Breast Procedures With Cc/Mcc",15236
593,Skin Ulcers With Cc,13589
596,Major Skin Disorders Without Mcc,4687
600,Non-Malignant Breast Disorders With Cc/Mcc,11903
602,Cellulitis With Mcc,5257
603,Cellulitis Without Mcc,4342
604,"Trauma To The Skin, Subcutaneous Tissue And Breast With Mcc",9359
605,"Trauma To The Skin, Subcutaneous Tissue And Breast Without Mcc",4289
606,Minor Skin Disorders With Mcc,12853
607,Minor Skin Disorders Without Mcc,3477
614,Adrenal And Pituitary Procedures With Cc/Mcc,14590
616,"Amputation Of Lower Limb For Endocrine, Nutritional And Metabolic Disorders With Mcc",25240
617,"Amputation Of Lower Limb For Endocrine, Nutritional And Metabolic Disorders With Cc",16889
622,"Skin Grafts And Wound Debridement For Endocrine, Nutritional And Metabolic Disorders With Mcc",29880
623,"Skin Grafts And Wound Debridement For Endocrine, Nutritional And Metabolic Disorders With Cc",15777
628,"Other Endocrine, Nutritional And Metabolic O.R. Procedures With Mcc",23891
629,"Other Endocrine, Nutritional And Metabolic O.R. Procedures With Cc",19017
637,Diabetes With Mcc,5550
638,Diabetes With Cc,4431
639,Diabetes Without Cc/Mcc,3834
640,"Miscellaneous Disorders Of Nutrition, Metabolism, Fluids And Electrolytes With Mcc",5592
641,"Miscellaneous Disorders Of Nutrition, Metabolism, Fluids And Electrolytes Without Mcc",4098
642,Inborn And Other Disorders Of Metabolism,18755
643,Endocrine Disorders With Mcc,8840
644,Endocrine Disorders With Cc,8768
655,Major Bladder Procedures Without Cc/Mcc,17935
656,Kidney And Ureter Procedures For Neoplasm With Mcc,27390
657,Kidney And Ureter Procedures For Neoplasm With Cc,18298
658,Kidney And Ureter Procedures For Neoplasm Without Cc/Mcc,13032
659,Kidney And Ureter Procedures For Non-Neoplasm With Mcc,18441
660,Kidney And Ureter Procedures For Non-Neoplasm With Cc,6317
661,Kidney And Ureter Procedures For Non-Neoplasm Without Cc/Mcc,7505
673,Other Kidney And Urinary Tract Procedures With Mcc,14457
674,Other Kidney And Urinary Tract Procedures With Cc,11135
682,Renal Failure With Mcc,6510
683,Renal Failure With Cc,5079
684,Renal Failure Without Cc/Mcc,3288
686,Kidney And Urinary Tract Neoplasms With Mcc,15693
687,Kidney And Urinary Tract Neoplasms With Cc,9142
688,Kidney And Urinary Tract Neoplasms Without Cc/Mcc,16638
689,Kidney And Urinary Tract Infections With Mcc,9410
690,Kidney And Urinary Tract Infections Without Mcc,4496
694,Urinary Stones Without Mcc,6289
698,Other Kidney And Urinary Tract Diagnoses With Mcc,6983
699,Other Kidney And Urinary Tract Diagnoses With Cc,6149
700,Other Kidney And Urinary Tract Diagnoses Without Cc/Mcc,6410
707,Major Male Pelvic Procedures With Cc/Mcc,16368
708,Major Male Pelvic Procedures Without Cc/Mcc,12223
712,Testes Procedures Without Cc/Mcc,9955
715,Other Male Reproductive System O.R. Procedures For Malignancy With Cc/Mcc,60307
718,Other Male Reproductive System O.R. Procedures Except Malignancy Without Cc/Mcc,10269
722,"Malignancy, Male Reproductive System With Mcc",18845
727,Inflammation Of The Male Reproductive System With Mcc,12523
728,Inflammation Of The Male Reproductive System Without Mcc,5372
740,Uterine And Adnexa Procedures For Non-Ovarian And Non-Adnexal Malignancy With Cc,49861
742,Uterine And Adnexa Procedures For Non-Malignancy With Cc/Mcc,14264
743,Uterine And Adnexa Procedures For Non-Malignancy Without Cc/Mcc,9629
746,"Vagina, Cervix And Vulva Procedures With Cc/Mcc",10661
747,"Vagina, Cervix And Vulva Procedures Without Cc/Mcc",10115
748,Female Reproductive System Reconstructive Procedures,34335
749,Other Female Reproductive System O.R. Procedures With Cc/Mcc,23749
754,"Malignancy, Female Reproductive System With Mcc",23186
757,"Infections, Female Reproductive System With Mcc",12924
759,"Infections, Female Reproductive System Without Cc/Mcc",9091
761,Menstrual And Other Female Reproductive System Disorders Without Cc/Mcc,7053
768,Vaginal Delivery With O.R. Procedures Except Sterilization And/Or D&C,4591
769,Postpartum And Post Abortion Diagnoses With O.R. Procedures,11771
770,"Abortion With D&C, Aspiration Curettage Or Hysterotomy",7581
776,Postpartum And Post Abortion Diagnoses Without O.R. Procedures,2921
779,Abortion Without D&C,5106
783,Cesarean Section With Sterilization With Mcc,6623
784,Cesarean Section With Sterilization With Cc,7767
785,Cesarean Section With Sterilization Without Cc/Mcc,6106
786,Cesarean Section Without Sterilization With Mcc,8088
787,Cesarean Section Without Sterilization With Cc,6901
788,Cesarean Section Without Sterilization Without Cc/Mcc,6490
789,"Neonates, Died Or Transferred To Another Acute Care Facility",14861
790,"Extreme Immaturity Or Respiratory Distress Syndrome, Neonate",31162
791,Prematurity With Major Problems,15920
792,Prematurity Without Major Problems,4498
793,Full Term Neonate With Major Problems,2862
794,Neonate With Other Significant Problems,1185
795,Normal Newborn,1021
796,Vaginal Delivery With Sterilization And/Or D&C With Mcc,8687
797,Vaginal Delivery With Sterilization And/Or D&C With Cc,6569
798,Vaginal Delivery With Sterilization And/Or D&C Without Cc/Mcc,5952
799,Splenectomy With Mcc,47093
803,Other O.R. Procedures Of The Blood And Blood Forming Organs With Cc,16361
805,Vaginal Delivery Without Sterilization Or D&C With Mcc,3911
806,Vaginal Delivery Without Sterilization Or D&C With Cc,4536
807,Vaginal Delivery Without Sterilization Or D&C Without Cc/Mcc,4118
808,Major Hematological And Immunological Diagnoses Except Sickle Cell Crisis And Coagulation Disorders ,13522
809,Major Hematological And Immunological Diagnoses Except Sickle Cell Crisis And Coagulation Disorders ,8015
811,Red Blood Cell Disorders With Mcc,11765
812,Red Blood Cell Disorders Without Mcc,4517
813,Coagulation Disorders,12698
814,Reticuloendothelial And Immunity Disorders With Mcc,25366
815,Reticuloendothelial And Immunity Disorders With Cc,11864
817,Other Antepartum Diagnoses With O.R. Procedures With Mcc,7602
818,Other Antepartum Diagnoses With O.R. Procedures With Cc,15737
819,Other Antepartum Diagnoses With O.R. Procedures Without Cc/Mcc,6572
820,Lymphoma And Leukemia With Major O.R. Procedures With Mcc,51213
821,Lymphoma And Leukemia With Major O.R. Procedures With Cc,18429
823,Lymphoma And Non-Acute Leukemia With Other Procedures With Mcc,45571
829,Myeloproliferative Disorders Or Poorly Differentiated Neoplasms With Other Procedures With Cc/Mcc,26412
831,Other Antepartum Diagnoses Without O.R. Procedures With Mcc,5342
832,Other Antepartum Diagnoses Without O.R. Procedures With Cc,6797
833,Other Antepartum Diagnoses Without O.R. Procedures Without Cc/Mcc,2079
834,Acute Leukemia Without Major O.R. Procedures With Mcc,49690
836,Acute Leukemia Without Major O.R. Procedures Without Cc/Mcc,9478
837,Chemotherapy With Acute Leukemia As Secondary Diagnosis Or With High Dose Chemotherapy Agent With Mc,70374
838,Chemotherapy With Acute Leukemia As Secondary Diagnosis With Cc Or High Dose Chemotherapy Agent,27002
839,Chemotherapy With Acute Leukemia As Secondary Diagnosis Without Cc/Mcc,7199
840,Lymphoma And Non-Acute Leukemia With Mcc,50468
841,Lymphoma And Non-Acute Leukemia With Cc,8348
842,Lymphoma And Non-Acute Leukemia Without Cc/Mcc,6497
843,Other Myeloproliferative Disorders Or Poorly Differentiated Neoplastic Diagnoses With Mcc,21424
847,Chemotherapy Without Acute Leukemia As Secondary Diagnosis With Cc,6473
853,Infectious And Parasitic Diseases With O.R. Procedures With Mcc,25823
854,Infectious And Parasitic Diseases With O.R. Procedures With Cc,8466
856,Postoperative Or Post-Traumatic Infections With O.R. Procedures With Mcc,24036
857,Postoperative Or Post-Traumatic Infections With O.R. Procedures With Cc,9692
862,Postoperative And Post-Traumatic Infections With Mcc,7547
863,Postoperative And Post-Traumatic Infections Without Mcc,4746
864,Fever And Inflammatory Conditions,4801
866,Viral Illness Without Mcc,7650
867,Other Infectious And Parasitic Diseases Diagnoses With Mcc,26651
870,Septicemia Or Severe Sepsis With Mv >96 Hours,40947
871,Septicemia Or Severe Sepsis Without Mv >96 Hours With Mcc,7961
872,Septicemia Or Severe Sepsis Without Mv >96 Hours Without Mcc,5680
880,Acute Adjustment Reaction And Psychosocial Dysfunction,10323
881,Depressive Neuroses,5440
883,Disorders Of Personality And Impulse Control,8182
884,Organic Disturbances And Intellectual Disability,9586
885,Psychoses,4335
894,"Alcohol, Drug Abuse Or Dependence, Left Ama",3136
896,"Alcohol, Drug Abuse Or Dependence Without Rehabilitation Therapy With Mcc",11038
897,"Alcohol, Drug Abuse Or Dependence Without Rehabilitation Therapy Without Mcc",4389
902,Wound Debridements For Injuries With Cc,24367
907,Other O.R. Procedures For Injuries With Mcc,16479
908,Other O.R. Procedures For Injuries With Cc,8604
909,Other O.R. Procedures For Injuries Without Cc/Mcc,41531
917,Poisoning And Toxic Effects Of Drugs With Mcc,6751
918,Poisoning And Toxic Effects Of Drugs Without Mcc,3685
919,Complications Of Treatment With Mcc,15167
920,Complications Of Treatment With Cc,8635
922,"Other Injury, Poisoning And Toxic Effect Diagnoses With Mcc",17837
941,O.R. Procedures With Diagnoses Of Other Contact With Health Services Without Cc/Mcc,16346
946,Rehabilitation Without Cc/Mcc,7276
947,Signs And Symptoms With Mcc,7910
948,Signs And Symptoms Without Mcc,5841
951,Other Factors Influencing Health Status,4520
956,"Limb Reattachment, Hip And Femur Procedures For Multiple Significant Trauma",25273
957,Other O.R. Procedures For Multiple Significant Trauma With Mcc,113598
958,Other O.R. Procedures For Multiple Significant Trauma With Cc,28948
964,Other Multiple Significant Trauma With Cc,43755
965,Other Multiple Significant Trauma Without Cc/Mcc,13645
975,Hiv With Major Related Condition With Cc,15290
981,Extensive O.R. Procedures Unrelated To Principal Diagnosis With Mcc,31283
982,Extensive O.R. Procedures Unrelated To Principal Diagnosis With Cc,12450
983,Extensive O.R. Procedures Unrelated To Principal Diagnosis Without Cc/Mcc,13042
987,Non-Extensive O.R. Procedures Unrelated To Principal Diagnosis With Mcc,21584
988,Non-Extensive O.R. Procedures Unrelated To Principal Diagnosis With Cc,10868
