Payer,MS-DRG,Description,Payer Specific Negotiated Charge
Premera Lifewise,41,"Peripheral, Cranial Nerve And Other Nervous System Procedures With Cc Or Peripheral Neurostimulator",29345
Premera Lifewise,57,Degenerative Nervous System Disorders Without Mcc,17478
Premera Lifewise,177,Respiratory Infections And Inflammations With Mcc,24459
Premera Lifewise,207,Respiratory System Diagnosis With Ventilator Support >96 Hours,76292
Premera Lifewise,243,Permanent Cardiac Pacemaker Implant With Cc,33879
Premera Lifewise,247,Percutaneous Cardiovascular Procedures With Drug-Eluting Stent Without Mcc,26395
Premera Lifewise,331,Major Small And Large Bowel Procedures Without Cc/Mcc,22912
Premera Lifewise,393,Other Digestive System Diagnoses With Mcc,21935
Premera Lifewise,638,Diabetes With Cc,12190
Premera Lifewise,639,Diabetes Without Cc/Mcc,8701
Premera Lifewise,683,Renal Failure With Cc,12055
Premera Lifewise,690,Kidney And Urinary Tract Infections Without Mcc,11036
Premera Lifewise,790,"Extreme Immaturity Or Respiratory Distress Syndrome, Neonate",73129
Premera Lifewise,794,Neonate With Other Significant Problems,5631
Premera Lifewise,795,Normal Newborn,3313
Premera Lifewise,805,Vaginal Delivery Without Sterilization Or D&C With Mcc,13940
Premera Lifewise,807,Vaginal Delivery Without Sterilization Or D&C Without Cc/Mcc,9206
Premera Lifewise,854,Infectious And Parasitic Diseases With O.R. Procedures With Cc,28705
Premera Lifewise,870,Septicemia Or Severe Sepsis With Mv >96 Hours,82573
Premera Lifewise,871,Septicemia Or Severe Sepsis Without Mv >96 Hours With Mcc,24679
Premera Lifewise,896,"Alcohol, Drug Abuse Or Dependence Without Rehabilitation Therapy With Mcc",23476
Premera Lifewise,918,Poisoning And Toxic Effects Of Drugs Without Mcc,10952
