Payer,MS-DRG,Description,Payer Specific Negotiated Charge
Medicaid Managed Care - Molina,3,"Ecmo Or Tracheostomy With Mv >96 Hours Or Principal Diagnosis Except Face, Mouth And Neck With Major",94336
Medicaid Managed Care - Molina,24,Craniotomy With Major Device Implant Or Acute Complex Cns Principal Diagnosis Without Mcc,31488
Medicaid Managed Care - Molina,25,Craniotomy And Endovascular Intracranial Procedures With Mcc,24249
Medicaid Managed Care - Molina,26,Craniotomy And Endovascular Intracranial Procedures With Cc,29771
Medicaid Managed Care - Molina,27,Craniotomy And Endovascular Intracranial Procedures Without Cc/Mcc,15382
Medicaid Managed Care - Molina,38,Extracranial Procedures With Cc,10131
Medicaid Managed Care - Molina,54,Nervous System Neoplasms With Mcc,8189
Medicaid Managed Care - Molina,57,Degenerative Nervous System Disorders Without Mcc,19902
Medicaid Managed Care - Molina,64,Intracranial Hemorrhage Or Cerebral Infarction With Mcc,8457
Medicaid Managed Care - Molina,65,Intracranial Hemorrhage Or Cerebral Infarction With Cc Or Tpa In 24 Hours,6963
Medicaid Managed Care - Molina,66,Intracranial Hemorrhage Or Cerebral Infarction Without Cc/Mcc,6722
Medicaid Managed Care - Molina,71,Nonspecific Cerebrovascular Disorders With Cc,4587
Medicaid Managed Care - Molina,80,Nontraumatic Stupor And Coma With Mcc,20904
Medicaid Managed Care - Molina,86,Traumatic Stupor And Coma <1 Hour With Cc,9546
Medicaid Managed Care - Molina,100,Seizures With Mcc,7515
Medicaid Managed Care - Molina,101,Seizures Without Mcc,8930
Medicaid Managed Care - Molina,152,Otitis Media And Uri With Mcc,5586
Medicaid Managed Care - Molina,153,Otitis Media And Uri Without Mcc,6355
Medicaid Managed Care - Molina,163,Major Chest Procedures With Mcc,20753
Medicaid Managed Care - Molina,165,Major Chest Procedures Without Cc/Mcc,17762
Medicaid Managed Care - Molina,175,Pulmonary Embolism With Mcc Or Acute Cor Pulmonale,7144
Medicaid Managed Care - Molina,178,Respiratory Infections And Inflammations With Cc,5581
Medicaid Managed Care - Molina,179,Respiratory Infections And Inflammations Without Cc/Mcc,3265
Medicaid Managed Care - Molina,184,Major Chest Trauma With Cc,5341
Medicaid Managed Care - Molina,186,Pleural Effusion With Mcc,10990
Medicaid Managed Care - Molina,189,Pulmonary Edema And Respiratory Failure,7602
Medicaid Managed Care - Molina,190,Chronic Obstructive Pulmonary Disease With Mcc,11837
Medicaid Managed Care - Molina,194,Simple Pneumonia And Pleurisy With Cc,4364
Medicaid Managed Care - Molina,200,Pneumothorax With Cc,6015
Medicaid Managed Care - Molina,203,Bronchitis And Asthma Without Cc/Mcc,3998
Medicaid Managed Care - Molina,205,Other Respiratory System Diagnoses With Mcc,25876
Medicaid Managed Care - Molina,207,Respiratory System Diagnosis With Ventilator Support >96 Hours,32822
Medicaid Managed Care - Molina,208,Respiratory System Diagnosis With Ventilator Support <=96 Hours,12772
Medicaid Managed Care - Molina,229,Other Cardiothoracic Procedures Without Mcc,35013
Medicaid Managed Care - Molina,232,Coronary Bypass With Ptca Without Mcc,54115
Medicaid Managed Care - Molina,235,Coronary Bypass Without Cardiac Catheterization With Mcc,47173
Medicaid Managed Care - Molina,239,Amputation For Circulatory System Disorders Except Upper Limb And Toe With Mcc,49299
Medicaid Managed Care - Molina,240,Amputation For Circulatory System Disorders Except Upper Limb And Toe With Cc,12032
Medicaid Managed Care - Molina,246,Percutaneous Cardiovascular Procedures With Drug-Eluting Stent With Mcc Or 4+ Arteries Or Stents,17530
Medicaid Managed Care - Molina,247,Percutaneous Cardiovascular Procedures With Drug-Eluting Stent Without Mcc,15087
Medicaid Managed Care - Molina,252,Other Vascular Procedures With Mcc,16574
Medicaid Managed Care - Molina,264,Other Circulatory System O.R. Procedures,18383
Medicaid Managed Care - Molina,269,Aortic And Heart Assist Procedures Except Pulsation Balloon Without Mcc,26730
Medicaid Managed Care - Molina,270,Other Major Cardiovascular Procedures With Mcc,26395
Medicaid Managed Care - Molina,272,Other Major Cardiovascular Procedures Without Cc/Mcc,19331
Medicaid Managed Care - Molina,281,"Acute Myocardial Infarction, Discharged Alive With Cc",4642
Medicaid Managed Care - Molina,286,"Circulatory Disorders Except Ami, With Cardiac Catheterization With Mcc",23981
Medicaid Managed Care - Molina,287,"Circulatory Disorders Except Ami, With Cardiac Catheterization Without Mcc",11176
Medicaid Managed Care - Molina,291,Heart Failure And Shock With Mcc,14319
Medicaid Managed Care - Molina,292,Heart Failure And Shock With Cc,5338
Medicaid Managed Care - Molina,296,"Cardiac Arrest, Unexplained With Mcc",9875
Medicaid Managed Care - Molina,304,Hypertension With Mcc,7366
Medicaid Managed Care - Molina,305,Hypertension Without Mcc,6116
Medicaid Managed Care - Molina,309,Cardiac Arrhythmia And Conduction Disorders With Cc,4240
Medicaid Managed Care - Molina,314,Other Circulatory System Diagnoses With Mcc,16022
Medicaid Managed Care - Molina,331,Major Small And Large Bowel Procedures Without Cc/Mcc,8230
Medicaid Managed Care - Molina,338,Appendectomy With Complicated Principal Diagnosis With Mcc,11250
Medicaid Managed Care - Molina,340,Appendectomy With Complicated Principal Diagnosis Without Cc/Mcc,8836
Medicaid Managed Care - Molina,354,Hernia Procedures Except Inguinal And Femoral With Cc,17831
Medicaid Managed Care - Molina,357,Other Digestive System O.R. Procedures With Cc,16240
Medicaid Managed Care - Molina,371,Major Gastrointestinal Disorders And Peritoneal Infections With Mcc,7444
Medicaid Managed Care - Molina,373,Major Gastrointestinal Disorders And Peritoneal Infections Without Cc/Mcc,6275
Medicaid Managed Care - Molina,374,Digestive Malignancy With Mcc,16311
Medicaid Managed Care - Molina,375,Digestive Malignancy With Cc,15209
Medicaid Managed Care - Molina,377,Gastrointestinal Hemorrhage With Mcc,13755
Medicaid Managed Care - Molina,378,Gastrointestinal Hemorrhage With Cc,6945
Medicaid Managed Care - Molina,379,Gastrointestinal Hemorrhage Without Cc/Mcc,4417
Medicaid Managed Care - Molina,380,Complicated Peptic Ulcer With Mcc,30983
Medicaid Managed Care - Molina,386,Inflammatory Bowel Disease With Cc,6470
Medicaid Managed Care - Molina,389,Gastrointestinal Obstruction With Cc,4158
Medicaid Managed Care - Molina,390,Gastrointestinal Obstruction Without Cc/Mcc,3721
Medicaid Managed Care - Molina,391,"Esophagitis, Gastroenteritis And Miscellaneous Digestive Disorders With Mcc",7811
Medicaid Managed Care - Molina,392,"Esophagitis, Gastroenteritis And Miscellaneous Digestive Disorders Without Mcc",5581
Medicaid Managed Care - Molina,395,Other Digestive System Diagnoses Without Cc/Mcc,6123
Medicaid Managed Care - Molina,417,Laparoscopic Cholecystectomy Without C.D.E. With Mcc,20610
Medicaid Managed Care - Molina,418,Laparoscopic Cholecystectomy Without C.D.E. With Cc,17335
Medicaid Managed Care - Molina,423,Other Hepatobiliary Or Pancreas O.R. Procedures With Mcc,42827
Medicaid Managed Care - Molina,432,Cirrhosis And Alcoholic Hepatitis With Mcc,8479
Medicaid Managed Care - Molina,433,Cirrhosis And Alcoholic Hepatitis With Cc,7122
Medicaid Managed Care - Molina,435,Malignancy Of Hepatobiliary System Or Pancreas With Mcc,20433
Medicaid Managed Care - Molina,438,Disorders Of Pancreas Except Malignancy With Mcc,21000
Medicaid Managed Care - Molina,439,Disorders Of Pancreas Except Malignancy With Cc,6302
Medicaid Managed Care - Molina,440,Disorders Of Pancreas Except Malignancy Without Cc/Mcc,4566
Medicaid Managed Care - Molina,442,"Disorders Of Liver Except Malignancy, Cirrhosis Or Alcoholic Hepatitis With Cc",6312
Medicaid Managed Care - Molina,445,Disorders Of The Biliary Tract With Cc,7375
Medicaid Managed Care - Molina,454,Combined Anterior And Posterior Spinal Fusion With Cc,36804
Medicaid Managed Care - Molina,455,Combined Anterior And Posterior Spinal Fusion Without Cc/Mcc,20707
Medicaid Managed Care - Molina,460,Spinal Fusion Except Cervical Without Mcc,25452
Medicaid Managed Care - Molina,462,Bilateral Or Multiple Major Joint Procedures Of Lower Extremity Without Mcc,18200
Medicaid Managed Care - Molina,464,Wound Debridement And Skin Graft Except Hand For Musculoskeletal And Connective Tissue Disorders Wit,17172
Medicaid Managed Care - Molina,468,Revision Of Hip Or Knee Replacement Without Cc/Mcc,24089
Medicaid Managed Care - Molina,480,Hip And Femur Procedures Except Major Joint With Mcc,14793
Medicaid Managed Care - Molina,481,Hip And Femur Procedures Except Major Joint With Cc,19225
Medicaid Managed Care - Molina,494,"Lower Extremity And Humerus Procedures Except Hip, Foot And Femur Without Cc/Mcc",8651
Medicaid Managed Care - Molina,495,Local Excision And Removal Of Internal Fixation Devices Except Hip And Femur With Mcc,43919
Medicaid Managed Care - Molina,504,Foot Procedures With Cc,28793
Medicaid Managed Care - Molina,514,"Hand Or Wrist Procedures, Except Major Thumb Or Joint Procedures Without Cc/Mcc",5298
Medicaid Managed Care - Molina,517,Other Musculoskeletal System And Connective Tissue O.R. Procedures Without Cc/Mcc,11249
Medicaid Managed Care - Molina,520,Back And Neck Procedures Except Spinal Fusion Without Cc/Mcc,12440
Medicaid Managed Care - Molina,546,Connective Tissue Disorders With Cc,10082
Medicaid Managed Care - Molina,552,Medical Back Problems Without Mcc,9638
Medicaid Managed Care - Molina,558,"Tendonitis, Myositis And Bursitis Without Mcc",7584
Medicaid Managed Care - Molina,565,Other Musculoskeletal System And Connective Tissue Diagnoses With Cc,8703
Medicaid Managed Care - Molina,580,"Other Skin, Subcutaneous Tissue And Breast Procedures With Cc",10575
Medicaid Managed Care - Molina,581,"Other Skin, Subcutaneous Tissue And Breast Procedures Without Cc/Mcc",7249
Medicaid Managed Care - Molina,596,Major Skin Disorders Without Mcc,4687
Medicaid Managed Care - Molina,602,Cellulitis With Mcc,11476
Medicaid Managed Care - Molina,603,Cellulitis Without Mcc,4725
Medicaid Managed Care - Molina,637,Diabetes With Mcc,5994
Medicaid Managed Care - Molina,638,Diabetes With Cc,4431
Medicaid Managed Care - Molina,639,Diabetes Without Cc/Mcc,3834
Medicaid Managed Care - Molina,640,"Miscellaneous Disorders Of Nutrition, Metabolism, Fluids And Electrolytes With Mcc",11530
Medicaid Managed Care - Molina,641,"Miscellaneous Disorders Of Nutrition, Metabolism, Fluids And Electrolytes Without Mcc",4098
Medicaid Managed Care - Molina,660,Kidney And Ureter Procedures For Non-Neoplasm With Cc,6317
Medicaid Managed Care - Molina,674,Other Kidney And Urinary Tract Procedures With Cc,11135
Medicaid Managed Care - Molina,682,Renal Failure With Mcc,8203
Medicaid Managed Care - Molina,683,Renal Failure With Cc,5583
Medicaid Managed Care - Molina,690,Kidney And Urinary Tract Infections Without Mcc,4841
Medicaid Managed Care - Molina,698,Other Kidney And Urinary Tract Diagnoses With Mcc,6983
Medicaid Managed Care - Molina,699,Other Kidney And Urinary Tract Diagnoses With Cc,6149
Medicaid Managed Care - Molina,742,Uterine And Adnexa Procedures For Non-Malignancy With Cc/Mcc,14264
Medicaid Managed Care - Molina,746,"Vagina, Cervix And Vulva Procedures With Cc/Mcc",10661
Medicaid Managed Care - Molina,759,"Infections, Female Reproductive System Without Cc/Mcc",9091
Medicaid Managed Care - Molina,768,Vaginal Delivery With O.R. Procedures Except Sterilization And/Or D&C,6580
Medicaid Managed Care - Molina,769,Postpartum And Post Abortion Diagnoses With O.R. Procedures,12314
Medicaid Managed Care - Molina,770,"Abortion With D&C, Aspiration Curettage Or Hysterotomy",7581
Medicaid Managed Care - Molina,779,Abortion Without D&C,7256
Medicaid Managed Care - Molina,783,Cesarean Section With Sterilization With Mcc,7022
Medicaid Managed Care - Molina,784,Cesarean Section With Sterilization With Cc,7767
Medicaid Managed Care - Molina,785,Cesarean Section With Sterilization Without Cc/Mcc,6106
Medicaid Managed Care - Molina,786,Cesarean Section Without Sterilization With Mcc,8895
Medicaid Managed Care - Molina,787,Cesarean Section Without Sterilization With Cc,6901
Medicaid Managed Care - Molina,788,Cesarean Section Without Sterilization Without Cc/Mcc,6584
Medicaid Managed Care - Molina,790,"Extreme Immaturity Or Respiratory Distress Syndrome, Neonate",33651
Medicaid Managed Care - Molina,793,Full Term Neonate With Major Problems,4687
Medicaid Managed Care - Molina,797,Vaginal Delivery With Sterilization And/Or D&C With Cc,6569
Medicaid Managed Care - Molina,798,Vaginal Delivery With Sterilization And/Or D&C Without Cc/Mcc,5952
Medicaid Managed Care - Molina,805,Vaginal Delivery Without Sterilization Or D&C With Mcc,4039
Medicaid Managed Care - Molina,806,Vaginal Delivery Without Sterilization Or D&C With Cc,4607
Medicaid Managed Care - Molina,807,Vaginal Delivery Without Sterilization Or D&C Without Cc/Mcc,4118
Medicaid Managed Care - Molina,808,Major Hematological And Immunological Diagnoses Except Sickle Cell Crisis And Coagulation Disorders ,13522
Medicaid Managed Care - Molina,811,Red Blood Cell Disorders With Mcc,13525
Medicaid Managed Care - Molina,814,Reticuloendothelial And Immunity Disorders With Mcc,25366
Medicaid Managed Care - Molina,819,Other Antepartum Diagnoses With O.R. Procedures Without Cc/Mcc,6572
Medicaid Managed Care - Molina,831,Other Antepartum Diagnoses Without O.R. Procedures With Mcc,5342
Medicaid Managed Care - Molina,832,Other Antepartum Diagnoses Without O.R. Procedures With Cc,7724
Medicaid Managed Care - Molina,833,Other Antepartum Diagnoses Without O.R. Procedures Without Cc/Mcc,2971
Medicaid Managed Care - Molina,842,Lymphoma And Non-Acute Leukemia Without Cc/Mcc,6497
Medicaid Managed Care - Molina,843,Other Myeloproliferative Disorders Or Poorly Differentiated Neoplastic Diagnoses With Mcc,21424
Medicaid Managed Care - Molina,853,Infectious And Parasitic Diseases With O.R. Procedures With Mcc,33912
Medicaid Managed Care - Molina,857,Postoperative Or Post-Traumatic Infections With O.R. Procedures With Cc,12225
Medicaid Managed Care - Molina,862,Postoperative And Post-Traumatic Infections With Mcc,7547
Medicaid Managed Care - Molina,863,Postoperative And Post-Traumatic Infections Without Mcc,4746
Medicaid Managed Care - Molina,864,Fever And Inflammatory Conditions,4801
Medicaid Managed Care - Molina,870,Septicemia Or Severe Sepsis With Mv >96 Hours,48231
Medicaid Managed Care - Molina,871,Septicemia Or Severe Sepsis Without Mv >96 Hours With Mcc,8293
Medicaid Managed Care - Molina,872,Septicemia Or Severe Sepsis Without Mv >96 Hours Without Mcc,6795
Medicaid Managed Care - Molina,884,Organic Disturbances And Intellectual Disability,9586
Medicaid Managed Care - Molina,885,Psychoses,7453
Medicaid Managed Care - Molina,894,"Alcohol, Drug Abuse Or Dependence, Left Ama",3543
Medicaid Managed Care - Molina,897,"Alcohol, Drug Abuse Or Dependence Without Rehabilitation Therapy Without Mcc",6520
Medicaid Managed Care - Molina,907,Other O.R. Procedures For Injuries With Mcc,23756
Medicaid Managed Care - Molina,917,Poisoning And Toxic Effects Of Drugs With Mcc,8895
Medicaid Managed Care - Molina,946,Rehabilitation Without Cc/Mcc,7276
Medicaid Managed Care - Molina,951,Other Factors Influencing Health Status,6931
Medicaid Managed Care - Molina,982,Extensive O.R. Procedures Unrelated To Principal Diagnosis With Cc,17283
Medicaid Managed Care - Molina,983,Extensive O.R. Procedures Unrelated To Principal Diagnosis Without Cc/Mcc,13042
