Payer,MS-DRG,Description,Payer Specific Negotiated Charge
Medicare Managed Care - Humana,32,Ventricular Shunt Procedures With Cc,18033
Medicare Managed Care - Humana,35,Carotid Artery Stent Procedures With Cc,19092
Medicare Managed Care - Humana,38,Extracranial Procedures With Cc,13650
Medicare Managed Care - Humana,39,Extracranial Procedures Without Cc/Mcc,9707
Medicare Managed Care - Humana,41,"Peripheral, Cranial Nerve And Other Nervous System Procedures With Cc Or Peripheral Neurostimulator",19796
Medicare Managed Care - Humana,56,Degenerative Nervous System Disorders With Mcc,17909
Medicare Managed Care - Humana,59,Multiple Sclerosis And Cerebellar Ataxia With Cc,9821
Medicare Managed Care - Humana,62,"Ischemic Stroke, Precerebral Occlusion Or Transient Ischemia With Thrombolytic Agent With Cc",16299
Medicare Managed Care - Humana,64,Intracranial Hemorrhage Or Cerebral Infarction With Mcc,15917
Medicare Managed Care - Humana,65,Intracranial Hemorrhage Or Cerebral Infarction With Cc Or Tpa In 24 Hours,8848
Medicare Managed Care - Humana,66,Intracranial Hemorrhage Or Cerebral Infarction Without Cc/Mcc,6174
Medicare Managed Care - Humana,69,Transient Ischemia Without Thrombolytic,6918
Medicare Managed Care - Humana,70,Nonspecific Cerebrovascular Disorders With Mcc,13815
Medicare Managed Care - Humana,92,Other Disorders Of Nervous System With Cc,8494
Medicare Managed Care - Humana,97,Non-Bacterial Infection Of Nervous System Except Viral Meningitis With Mcc,31307
Medicare Managed Care - Humana,100,Seizures With Mcc,15858
Medicare Managed Care - Humana,163,Major Chest Procedures With Mcc,36107
Medicare Managed Care - Humana,164,Major Chest Procedures With Cc,21789
Medicare Managed Care - Humana,175,Pulmonary Embolism With Mcc Or Acute Cor Pulmonale,12800
Medicare Managed Care - Humana,177,Respiratory Infections And Inflammations With Mcc,15259
Medicare Managed Care - Humana,181,Respiratory Neoplasms With Cc,20244
Medicare Managed Care - Humana,189,Pulmonary Edema And Respiratory Failure,10569
Medicare Managed Care - Humana,190,Chronic Obstructive Pulmonary Disease With Mcc,9661
Medicare Managed Care - Humana,193,Simple Pneumonia And Pleurisy With Mcc,10999
Medicare Managed Care - Humana,208,Respiratory System Diagnosis With Ventilator Support <=96 Hours,21248
Medicare Managed Care - Humana,215,Other Heart Assist System Implant,88692
Medicare Managed Care - Humana,220,Cardiac Valve And Other Major Cardiothoracic Procedures Without Cardiac Catheterization With Cc,43284
Medicare Managed Care - Humana,233,Coronary Bypass With Cardiac Catheterization Or Open Ablation With Mcc,60678
Medicare Managed Care - Humana,234,Coronary Bypass With Cardiac Catheterization Or Open Ablation Without Mcc,42706
Medicare Managed Care - Humana,243,Permanent Cardiac Pacemaker Implant With Cc,20854
Medicare Managed Care - Humana,246,Percutaneous Cardiovascular Procedures With Drug-Eluting Stent With Mcc Or 4+ Arteries Or Stents,26021
Medicare Managed Care - Humana,247,Percutaneous Cardiovascular Procedures With Drug-Eluting Stent Without Mcc,29183
Medicare Managed Care - Humana,252,Other Vascular Procedures With Mcc,26847
Medicare Managed Care - Humana,253,Other Vascular Procedures With Cc,22185
Medicare Managed Care - Humana,266,Endovascular Cardiac Valve Replacement And Supplement Procedures With Mcc,58019
Medicare Managed Care - Humana,267,Endovascular Cardiac Valve Replacement And Supplement Procedures Without Mcc,46187
Medicare Managed Care - Humana,270,Other Major Cardiovascular Procedures With Mcc,42478
Medicare Managed Care - Humana,271,Other Major Cardiovascular Procedures With Cc,28788
Medicare Managed Care - Humana,272,Other Major Cardiovascular Procedures Without Cc/Mcc,22391
Medicare Managed Care - Humana,280,"Acute Myocardial Infarction, Discharged Alive With Mcc",13581
Medicare Managed Care - Humana,281,"Acute Myocardial Infarction, Discharged Alive With Cc",8114
Medicare Managed Care - Humana,286,"Circulatory Disorders Except Ami, With Cardiac Catheterization With Mcc",18043
Medicare Managed Care - Humana,287,"Circulatory Disorders Except Ami, With Cardiac Catheterization Without Mcc",9673
Medicare Managed Care - Humana,291,Heart Failure And Shock With Mcc,11187
Medicare Managed Care - Humana,292,Heart Failure And Shock With Cc,7658
Medicare Managed Care - Humana,304,Hypertension With Mcc,9648
Medicare Managed Care - Humana,305,Hypertension Without Mcc,6451
Medicare Managed Care - Humana,308,Cardiac Arrhythmia And Conduction Disorders With Mcc,10076
Medicare Managed Care - Humana,309,Cardiac Arrhythmia And Conduction Disorders With Cc,6669
Medicare Managed Care - Humana,310,Cardiac Arrhythmia And Conduction Disorders Without Cc/Mcc,5036
Medicare Managed Care - Humana,312,Syncope And Collapse,7408
Medicare Managed Care - Humana,326,"Stomach, Esophageal And Duodenal Procedures With Mcc",43094
Medicare Managed Care - Humana,329,Major Small And Large Bowel Procedures With Mcc,39001
Medicare Managed Care - Humana,346,Minor Small And Large Bowel Procedures Without Cc/Mcc,10914
Medicare Managed Care - Humana,348,Anal And Stomal Procedures With Cc,11221
Medicare Managed Care - Humana,356,Other Digestive System O.R. Procedures With Mcc,35717
Medicare Managed Care - Humana,369,Major Esophageal Disorders With Cc,9335
Medicare Managed Care - Humana,371,Major Gastrointestinal Disorders And Peritoneal Infections With Mcc,14147
Medicare Managed Care - Humana,375,Digestive Malignancy With Cc,10414
Medicare Managed Care - Humana,377,Gastrointestinal Hemorrhage With Mcc,15042
Medicare Managed Care - Humana,378,Gastrointestinal Hemorrhage With Cc,8564
Medicare Managed Care - Humana,388,Gastrointestinal Obstruction With Mcc,12559
Medicare Managed Care - Humana,390,Gastrointestinal Obstruction Without Cc/Mcc,5272
Medicare Managed Care - Humana,391,"Esophagitis, Gastroenteritis And Miscellaneous Digestive Disorders With Mcc",10682
Medicare Managed Care - Humana,392,"Esophagitis, Gastroenteritis And Miscellaneous Digestive Disorders Without Mcc",6626
Medicare Managed Care - Humana,393,Other Digestive System Diagnoses With Mcc,14097
Medicare Managed Care - Humana,414,Cholecystectomy Except By Laparoscope Without C.D.E. With Mcc,30211
Medicare Managed Care - Humana,432,Cirrhosis And Alcoholic Hepatitis With Mcc,15931
Medicare Managed Care - Humana,435,Malignancy Of Hepatobiliary System Or Pancreas With Mcc,15064
Medicare Managed Care - Humana,436,Malignancy Of Hepatobiliary System Or Pancreas With Cc,9677
Medicare Managed Care - Humana,441,"Disorders Of Liver Except Malignancy, Cirrhosis Or Alcoholic Hepatitis With Mcc",15533
Medicare Managed Care - Humana,444,Disorders Of The Biliary Tract With Mcc,13828
Medicare Managed Care - Humana,446,Disorders Of The Biliary Tract Without Cc/Mcc,7227
Medicare Managed Care - Humana,453,Combined Anterior And Posterior Spinal Fusion With Mcc,73323
Medicare Managed Care - Humana,455,Combined Anterior And Posterior Spinal Fusion Without Cc/Mcc,38949
Medicare Managed Care - Humana,460,Spinal Fusion Except Cervical Without Mcc,31783
Medicare Managed Care - Humana,463,Wound Debridement And Skin Graft Except Hand For Musculoskeletal And Connective Tissue Disorders Wit,60115
Medicare Managed Care - Humana,467,Revision Of Hip Or Knee Replacement With Cc,30575
Medicare Managed Care - Humana,475,Amputation For Musculoskeletal System And Connective Tissue Disorders With Cc,17973
Medicare Managed Care - Humana,480,Hip And Femur Procedures Except Major Joint With Mcc,24965
Medicare Managed Care - Humana,481,Hip And Femur Procedures Except Major Joint With Cc,17431
Medicare Managed Care - Humana,493,"Lower Extremity And Humerus Procedures Except Hip, Foot And Femur With Cc",19013
Medicare Managed Care - Humana,518,Back And Neck Procedures Except Spinal Fusion With Mcc Or Disc Device Or Neurostimulator,28885
Medicare Managed Care - Humana,520,Back And Neck Procedures Except Spinal Fusion Without Cc/Mcc,12080
Medicare Managed Care - Humana,552,Medical Back Problems Without Mcc,8211
Medicare Managed Care - Humana,557,"Tendonitis, Myositis And Bursitis With Mcc",12327
Medicare Managed Care - Humana,560,"Aftercare, Musculoskeletal System And Connective Tissue With Cc",9263
Medicare Managed Care - Humana,562,"Fracture, Sprain, Strain And Dislocation Except Femur, Hip, Pelvis And Thigh With Mcc",12238
Medicare Managed Care - Humana,566,Other Musculoskeletal System And Connective Tissue Diagnoses Without Cc/Mcc,6495
Medicare Managed Care - Humana,570,Skin Debridement With Mcc,22114
Medicare Managed Care - Humana,581,"Other Skin, Subcutaneous Tissue And Breast Procedures Without Cc/Mcc",10540
Medicare Managed Care - Humana,602,Cellulitis With Mcc,11790
Medicare Managed Care - Humana,603,Cellulitis Without Mcc,7319
Medicare Managed Care - Humana,604,"Trauma To The Skin, Subcutaneous Tissue And Breast With Mcc",12426
Medicare Managed Care - Humana,616,"Amputation Of Lower Limb For Endocrine, Nutritional And Metabolic Disorders With Mcc",33025
Medicare Managed Care - Humana,617,"Amputation Of Lower Limb For Endocrine, Nutritional And Metabolic Disorders With Cc",16889
Medicare Managed Care - Humana,637,Diabetes With Mcc,11778
Medicare Managed Care - Humana,640,"Miscellaneous Disorders Of Nutrition, Metabolism, Fluids And Electrolytes With Mcc",10569
Medicare Managed Care - Humana,656,Kidney And Ureter Procedures For Neoplasm With Mcc,27390
Medicare Managed Care - Humana,658,Kidney And Ureter Procedures For Neoplasm Without Cc/Mcc,13032
Medicare Managed Care - Humana,659,Kidney And Ureter Procedures For Non-Neoplasm With Mcc,18441
Medicare Managed Care - Humana,660,Kidney And Ureter Procedures For Non-Neoplasm With Cc,12580
Medicare Managed Care - Humana,673,Other Kidney And Urinary Tract Procedures With Mcc,28132
Medicare Managed Care - Humana,674,Other Kidney And Urinary Tract Procedures With Cc,19492
Medicare Managed Care - Humana,682,Renal Failure With Mcc,12447
Medicare Managed Care - Humana,683,Renal Failure With Cc,7517
Medicare Managed Care - Humana,686,Kidney And Urinary Tract Neoplasms With Mcc,15693
Medicare Managed Care - Humana,689,Kidney And Urinary Tract Infections With Mcc,9410
Medicare Managed Care - Humana,690,Kidney And Urinary Tract Infections Without Mcc,6978
Medicare Managed Care - Humana,698,Other Kidney And Urinary Tract Diagnoses With Mcc,13499
Medicare Managed Care - Humana,757,"Infections, Female Reproductive System With Mcc",12924
Medicare Managed Care - Humana,809,Major Hematological And Immunological Diagnoses Except Sickle Cell Crisis And Coagulation Disorders ,10253
Medicare Managed Care - Humana,812,Red Blood Cell Disorders Without Mcc,7551
Medicare Managed Care - Humana,813,Coagulation Disorders,12760
Medicare Managed Care - Humana,829,Myeloproliferative Disorders Or Poorly Differentiated Neoplasms With Other Procedures With Cc/Mcc,26555
Medicare Managed Care - Humana,834,Acute Leukemia Without Major O.R. Procedures With Mcc,50048
Medicare Managed Care - Humana,853,Infectious And Parasitic Diseases With O.R. Procedures With Mcc,41409
Medicare Managed Care - Humana,854,Infectious And Parasitic Diseases With O.R. Procedures With Cc,17131
Medicare Managed Care - Humana,856,Postoperative Or Post-Traumatic Infections With O.R. Procedures With Mcc,36566
Medicare Managed Care - Humana,857,Postoperative Or Post-Traumatic Infections With O.R. Procedures With Cc,16704
Medicare Managed Care - Humana,862,Postoperative And Post-Traumatic Infections With Mcc,15545
Medicare Managed Care - Humana,870,Septicemia Or Severe Sepsis With Mv >96 Hours,53160
Medicare Managed Care - Humana,871,Septicemia Or Severe Sepsis Without Mv >96 Hours With Mcc,15832
Medicare Managed Care - Humana,872,Septicemia Or Severe Sepsis Without Mv >96 Hours Without Mcc,8672
Medicare Managed Care - Humana,884,Organic Disturbances And Intellectual Disability,12566
Medicare Managed Care - Humana,897,"Alcohol, Drug Abuse Or Dependence Without Rehabilitation Therapy Without Mcc",7241
Medicare Managed Care - Humana,918,Poisoning And Toxic Effects Of Drugs Without Mcc,6822
Medicare Managed Care - Humana,951,Other Factors Influencing Health Status,4968
Medicare Managed Care - Humana,956,"Limb Reattachment, Hip And Femur Procedures For Multiple Significant Trauma",31047
Medicare Managed Care - Humana,981,Extensive O.R. Procedures Unrelated To Principal Diagnosis With Mcc,38412
Medicare Managed Care - Humana,987,Non-Extensive O.R. Procedures Unrelated To Principal Diagnosis With Mcc,26573
