Payer,MS-DRG,Description,Payer Specific Negotiated Charge
Medicare Managed Care - Aetna PPO,177,Respiratory Infections And Inflammations With Mcc,14956
Medicare Managed Care - Aetna PPO,189,Pulmonary Edema And Respiratory Failure,10241
Medicare Managed Care - Aetna PPO,270,Other Major Cardiovascular Procedures With Mcc,42138
Medicare Managed Care - Aetna PPO,330,Major Small And Large Bowel Procedures With Cc,20983
Medicare Managed Care - Aetna PPO,482,Hip And Femur Procedures Except Major Joint Without Cc/Mcc,13711
Medicare Managed Care - Aetna PPO,640,"Miscellaneous Disorders Of Nutrition, Metabolism, Fluids And Electrolytes With Mcc",10135
Medicare Managed Care - Aetna PPO,698,Other Kidney And Urinary Tract Diagnoses With Mcc,13380
Medicare Managed Care - Aetna PPO,812,Red Blood Cell Disorders Without Mcc,7409
Medicare Managed Care - Aetna PPO,871,Septicemia Or Severe Sepsis Without Mv >96 Hours With Mcc,15212
Medicare Managed Care - Aetna PPO,872,Septicemia Or Severe Sepsis Without Mv >96 Hours Without Mcc,8637
Medicare Managed Care - Aetna PPO,981,Extensive O.R. Procedures Unrelated To Principal Diagnosis With Mcc,59305
