Payer,MS-DRG,Description,Payer Specific Negotiated Charge
Medicare Managed Care - UHC,25,Craniotomy And Endovascular Intracranial Procedures With Mcc,29718
Medicare Managed Care - UHC,36,Carotid Artery Stent Procedures Without Cc/Mcc,15504
Medicare Managed Care - UHC,39,Extracranial Procedures Without Cc/Mcc,9687
Medicare Managed Care - UHC,54,Nervous System Neoplasms With Mcc,11255
Medicare Managed Care - UHC,56,Degenerative Nervous System Disorders With Mcc,18043
Medicare Managed Care - UHC,57,Degenerative Nervous System Disorders Without Mcc,10835
Medicare Managed Care - UHC,64,Intracranial Hemorrhage Or Cerebral Infarction With Mcc,15861
Medicare Managed Care - UHC,65,Intracranial Hemorrhage Or Cerebral Infarction With Cc Or Tpa In 24 Hours,8746
Medicare Managed Care - UHC,66,Intracranial Hemorrhage Or Cerebral Infarction Without Cc/Mcc,6201
Medicare Managed Care - UHC,70,Nonspecific Cerebrovascular Disorders With Mcc,13815
Medicare Managed Care - UHC,71,Nonspecific Cerebrovascular Disorders With Cc,8737
Medicare Managed Care - UHC,74,Cranial And Peripheral Nerve Disorders Without Mcc,8536
Medicare Managed Care - UHC,78,Hypertensive Encephalopathy With Cc,8218
Medicare Managed Care - UHC,80,Nontraumatic Stupor And Coma With Mcc,16965
Medicare Managed Care - UHC,83,Traumatic Stupor And Coma >1 Hour With Cc,11095
Medicare Managed Care - UHC,85,Traumatic Stupor And Coma <1 Hour With Mcc,19036
Medicare Managed Care - UHC,91,Other Disorders Of Nervous System With Mcc,13498
Medicare Managed Care - UHC,100,Seizures With Mcc,15257
Medicare Managed Care - UHC,101,Seizures Without Mcc,7778
Medicare Managed Care - UHC,146,"Ear, Nose, Mouth And Throat Malignancy With Mcc",17075
Medicare Managed Care - UHC,150,Epistaxis With Mcc,11270
Medicare Managed Care - UHC,155,"Other Ear, Nose, Mouth And Throat Diagnoses With Cc",7692
Medicare Managed Care - UHC,166,Other Respiratory System O.R. Procedures With Mcc,30319
Medicare Managed Care - UHC,175,Pulmonary Embolism With Mcc Or Acute Cor Pulmonale,12862
Medicare Managed Care - UHC,176,Pulmonary Embolism Without Mcc,7697
Medicare Managed Care - UHC,177,Respiratory Infections And Inflammations With Mcc,15459
Medicare Managed Care - UHC,178,Respiratory Infections And Inflammations With Cc,10281
Medicare Managed Care - UHC,180,Respiratory Neoplasms With Mcc,14661
Medicare Managed Care - UHC,184,Major Chest Trauma With Cc,8972
Medicare Managed Care - UHC,189,Pulmonary Edema And Respiratory Failure,10439
Medicare Managed Care - UHC,190,Chronic Obstructive Pulmonary Disease With Mcc,9634
Medicare Managed Care - UHC,192,Chronic Obstructive Pulmonary Disease Without Cc/Mcc,6143
Medicare Managed Care - UHC,193,Simple Pneumonia And Pleurisy With Mcc,10838
Medicare Managed Care - UHC,194,Simple Pneumonia And Pleurisy With Cc,7404
Medicare Managed Care - UHC,196,Interstitial Lung Disease With Mcc,13041
Medicare Managed Care - UHC,202,Bronchitis And Asthma With Cc/Mcc,8366
Medicare Managed Care - UHC,205,Other Respiratory System Diagnoses With Mcc,14253
Medicare Managed Care - UHC,207,Respiratory System Diagnosis With Ventilator Support >96 Hours,47134
Medicare Managed Care - UHC,208,Respiratory System Diagnosis With Ventilator Support <=96 Hours,26065
Medicare Managed Care - UHC,219,Cardiac Valve And Other Major Cardiothoracic Procedures Without Cardiac Catheterization With Mcc,65900
Medicare Managed Care - UHC,220,Cardiac Valve And Other Major Cardiothoracic Procedures Without Cardiac Catheterization With Cc,44270
Medicare Managed Care - UHC,225,"Cardiac Defibrillator Implant With Cardiac Catheterization Without Ami, Hf Or Shock Without Mcc",45371
Medicare Managed Care - UHC,231,Coronary Bypass With Ptca With Mcc,71221
Medicare Managed Care - UHC,234,Coronary Bypass With Cardiac Catheterization Or Open Ablation Without Mcc,43092
Medicare Managed Care - UHC,236,Coronary Bypass Without Cardiac Catheterization Without Mcc,33676
Medicare Managed Care - UHC,239,Amputation For Circulatory System Disorders Except Upper Limb And Toe With Mcc,38395
Medicare Managed Care - UHC,242,Permanent Cardiac Pacemaker Implant With Mcc,29795
Medicare Managed Care - UHC,243,Permanent Cardiac Pacemaker Implant With Cc,20887
Medicare Managed Care - UHC,246,Percutaneous Cardiovascular Procedures With Drug-Eluting Stent With Mcc Or 4+ Arteries Or Stents,25715
Medicare Managed Care - UHC,247,Percutaneous Cardiovascular Procedures With Drug-Eluting Stent Without Mcc,16305
Medicare Managed Care - UHC,252,Other Vascular Procedures With Mcc,27441
Medicare Managed Care - UHC,253,Other Vascular Procedures With Cc,21701
Medicare Managed Care - UHC,254,Other Vascular Procedures Without Cc/Mcc,14989
Medicare Managed Care - UHC,256,Upper Limb And Toe Amputation For Circulatory System Disorders With Cc,13424
Medicare Managed Care - UHC,270,Other Major Cardiovascular Procedures With Mcc,41146
Medicare Managed Care - UHC,271,Other Major Cardiovascular Procedures With Cc,29344
Medicare Managed Care - UHC,272,Other Major Cardiovascular Procedures Without Cc/Mcc,21620
Medicare Managed Care - UHC,280,"Acute Myocardial Infarction, Discharged Alive With Mcc",13386
Medicare Managed Care - UHC,281,"Acute Myocardial Infarction, Discharged Alive With Cc",7861
Medicare Managed Care - UHC,283,"Acute Myocardial Infarction, Expired With Mcc",15538
Medicare Managed Care - UHC,287,"Circulatory Disorders Except Ami, With Cardiac Catheterization Without Mcc",9627
Medicare Managed Care - UHC,291,Heart Failure And Shock With Mcc,10830
Medicare Managed Care - UHC,292,Heart Failure And Shock With Cc,7615
Medicare Managed Care - UHC,304,Hypertension With Mcc,9445
Medicare Managed Care - UHC,305,Hypertension Without Mcc,6517
Medicare Managed Care - UHC,308,Cardiac Arrhythmia And Conduction Disorders With Mcc,10067
Medicare Managed Care - UHC,309,Cardiac Arrhythmia And Conduction Disorders With Cc,6493
Medicare Managed Care - UHC,310,Cardiac Arrhythmia And Conduction Disorders Without Cc/Mcc,4998
Medicare Managed Care - UHC,312,Syncope And Collapse,7119
Medicare Managed Care - UHC,313,Chest Pain,6208
Medicare Managed Care - UHC,314,Other Circulatory System Diagnoses With Mcc,15518
Medicare Managed Care - UHC,315,Other Circulatory System Diagnoses With Cc,8256
Medicare Managed Care - UHC,330,Major Small And Large Bowel Procedures With Cc,20826
Medicare Managed Care - UHC,335,Peritoneal Adhesiolysis With Mcc,32345
Medicare Managed Care - UHC,337,Peritoneal Adhesiolysis Without Cc/Mcc,13762
Medicare Managed Care - UHC,344,Minor Small And Large Bowel Procedures With Mcc,22656
Medicare Managed Care - UHC,346,Minor Small And Large Bowel Procedures Without Cc/Mcc,10559
Medicare Managed Care - UHC,354,Hernia Procedures Except Inguinal And Femoral With Cc,14533
Medicare Managed Care - UHC,356,Other Digestive System O.R. Procedures With Mcc,34434
Medicare Managed Care - UHC,372,Major Gastrointestinal Disorders And Peritoneal Infections With Cc,8916
Medicare Managed Care - UHC,374,Digestive Malignancy With Mcc,17340
Medicare Managed Care - UHC,377,Gastrointestinal Hemorrhage With Mcc,14969
Medicare Managed Care - UHC,378,Gastrointestinal Hemorrhage With Cc,8481
Medicare Managed Care - UHC,381,Complicated Peptic Ulcer With Cc,9082
Medicare Managed Care - UHC,386,Inflammatory Bowel Disease With Cc,8545
Medicare Managed Care - UHC,389,Gastrointestinal Obstruction With Cc,7194
Medicare Managed Care - UHC,391,"Esophagitis, Gastroenteritis And Miscellaneous Digestive Disorders With Mcc",10348
Medicare Managed Care - UHC,392,"Esophagitis, Gastroenteritis And Miscellaneous Digestive Disorders Without Mcc",6649
Medicare Managed Care - UHC,393,Other Digestive System Diagnoses With Mcc,13989
Medicare Managed Care - UHC,394,Other Digestive System Diagnoses With Cc,7955
Medicare Managed Care - UHC,417,Laparoscopic Cholecystectomy Without C.D.E. With Mcc,20029
Medicare Managed Care - UHC,419,Laparoscopic Cholecystectomy Without C.D.E. Without Cc/Mcc,11165
Medicare Managed Care - UHC,423,Other Hepatobiliary Or Pancreas O.R. Procedures With Mcc,34566
Medicare Managed Care - UHC,433,Cirrhosis And Alcoholic Hepatitis With Cc,8845
Medicare Managed Care - UHC,435,Malignancy Of Hepatobiliary System Or Pancreas With Mcc,14470
Medicare Managed Care - UHC,438,Disorders Of Pancreas Except Malignancy With Mcc,13626
Medicare Managed Care - UHC,439,Disorders Of Pancreas Except Malignancy With Cc,7204
Medicare Managed Care - UHC,440,Disorders Of Pancreas Except Malignancy Without Cc/Mcc,5486
Medicare Managed Care - UHC,441,"Disorders Of Liver Except Malignancy, Cirrhosis Or Alcoholic Hepatitis With Mcc",15715
Medicare Managed Care - UHC,455,Combined Anterior And Posterior Spinal Fusion Without Cc/Mcc,38628
Medicare Managed Care - UHC,460,Spinal Fusion Except Cervical Without Mcc,32312
Medicare Managed Care - UHC,467,Revision Of Hip Or Knee Replacement With Cc,28578
Medicare Managed Care - UHC,471,Cervical Spinal Fusion With Mcc,39835
Medicare Managed Care - UHC,472,Cervical Spinal Fusion With Cc,25145
Medicare Managed Care - UHC,473,Cervical Spinal Fusion Without Cc/Mcc,20429
Medicare Managed Care - UHC,480,Hip And Femur Procedures Except Major Joint With Mcc,22649
Medicare Managed Care - UHC,492,"Lower Extremity And Humerus Procedures Except Hip, Foot And Femur With Mcc",28297
Medicare Managed Care - UHC,493,"Lower Extremity And Humerus Procedures Except Hip, Foot And Femur With Cc",19308
Medicare Managed Care - UHC,513,"Hand Or Wrist Procedures, Except Major Thumb Or Joint Procedures With Cc/Mcc",13284
Medicare Managed Care - UHC,517,Other Musculoskeletal System And Connective Tissue O.R. Procedures Without Cc/Mcc,11803
Medicare Managed Care - UHC,518,Back And Neck Procedures Except Spinal Fusion With Mcc Or Disc Device Or Neurostimulator,28670
Medicare Managed Care - UHC,519,Back And Neck Procedures Except Spinal Fusion With Cc,16664
Medicare Managed Care - UHC,522,Hip Replacement With Principal Diagnosis Of Hip Fracture Without Mcc,17768
Medicare Managed Care - UHC,533,Fractures Of Femur With Mcc,11960
Medicare Managed Care - UHC,535,Fractures Of Hip And Pelvis With Mcc,10294
Medicare Managed Care - UHC,543,Pathological Fractures And Musculoskeletal And Connective Tissue Malignancy With Cc,8818
Medicare Managed Care - UHC,551,Medical Back Problems With Mcc,13725
Medicare Managed Care - UHC,552,Medical Back Problems Without Mcc,8109
Medicare Managed Care - UHC,579,"Other Skin, Subcutaneous Tissue And Breast Procedures With Mcc",23592
Medicare Managed Care - UHC,580,"Other Skin, Subcutaneous Tissue And Breast Procedures With Cc",13169
Medicare Managed Care - UHC,584,"Breast Biopsy, Local Excision And Other Breast Procedures With Cc/Mcc",15236
Medicare Managed Care - UHC,602,Cellulitis With Mcc,12152
Medicare Managed Care - UHC,603,Cellulitis Without Mcc,7243
Medicare Managed Care - UHC,616,"Amputation Of Lower Limb For Endocrine, Nutritional And Metabolic Disorders With Mcc",32866
Medicare Managed Care - UHC,617,"Amputation Of Lower Limb For Endocrine, Nutritional And Metabolic Disorders With Cc",16947
Medicare Managed Care - UHC,622,"Skin Grafts And Wound Debridement For Endocrine, Nutritional And Metabolic Disorders With Mcc",29880
Medicare Managed Care - UHC,623,"Skin Grafts And Wound Debridement For Endocrine, Nutritional And Metabolic Disorders With Cc",23192
Medicare Managed Care - UHC,637,Diabetes With Mcc,11339
Medicare Managed Care - UHC,638,Diabetes With Cc,7533
Medicare Managed Care - UHC,640,"Miscellaneous Disorders Of Nutrition, Metabolism, Fluids And Electrolytes With Mcc",10469
Medicare Managed Care - UHC,641,"Miscellaneous Disorders Of Nutrition, Metabolism, Fluids And Electrolytes Without Mcc",6617
Medicare Managed Care - UHC,643,Endocrine Disorders With Mcc,13654
Medicare Managed Care - UHC,644,Endocrine Disorders With Cc,8859
Medicare Managed Care - UHC,659,Kidney And Ureter Procedures For Non-Neoplasm With Mcc,21771
Medicare Managed Care - UHC,660,Kidney And Ureter Procedures For Non-Neoplasm With Cc,11876
Medicare Managed Care - UHC,661,Kidney And Ureter Procedures For Non-Neoplasm Without Cc/Mcc,8911
Medicare Managed Care - UHC,673,Other Kidney And Urinary Tract Procedures With Mcc,28238
Medicare Managed Care - UHC,674,Other Kidney And Urinary Tract Procedures With Cc,19294
Medicare Managed Care - UHC,682,Renal Failure With Mcc,12201
Medicare Managed Care - UHC,683,Renal Failure With Cc,7468
Medicare Managed Care - UHC,684,Renal Failure Without Cc/Mcc,5336
Medicare Managed Care - UHC,689,Kidney And Urinary Tract Infections With Mcc,9574
Medicare Managed Care - UHC,690,Kidney And Urinary Tract Infections Without Mcc,6923
Medicare Managed Care - UHC,694,Urinary Stones Without Mcc,6289
Medicare Managed Care - UHC,698,Other Kidney And Urinary Tract Diagnoses With Mcc,13546
Medicare Managed Care - UHC,700,Other Kidney And Urinary Tract Diagnoses Without Cc/Mcc,6410
Medicare Managed Care - UHC,728,Inflammation Of The Male Reproductive System Without Mcc,6869
Medicare Managed Care - UHC,811,Red Blood Cell Disorders With Mcc,11765
Medicare Managed Care - UHC,812,Red Blood Cell Disorders Without Mcc,7451
Medicare Managed Care - UHC,813,Coagulation Disorders,12980
Medicare Managed Care - UHC,829,Myeloproliferative Disorders Or Poorly Differentiated Neoplasms With Other Procedures With Cc/Mcc,26412
Medicare Managed Care - UHC,832,Other Antepartum Diagnoses Without O.R. Procedures With Cc,6797
Medicare Managed Care - UHC,840,Lymphoma And Non-Acute Leukemia With Mcc,50468
Medicare Managed Care - UHC,847,Chemotherapy Without Acute Leukemia As Secondary Diagnosis With Cc,11321
Medicare Managed Care - UHC,853,Infectious And Parasitic Diseases With O.R. Procedures With Mcc,40828
Medicare Managed Care - UHC,854,Infectious And Parasitic Diseases With O.R. Procedures With Cc,17027
Medicare Managed Care - UHC,856,Postoperative Or Post-Traumatic Infections With O.R. Procedures With Mcc,36164
Medicare Managed Care - UHC,857,Postoperative Or Post-Traumatic Infections With O.R. Procedures With Cc,17724
Medicare Managed Care - UHC,862,Postoperative And Post-Traumatic Infections With Mcc,15297
Medicare Managed Care - UHC,863,Postoperative And Post-Traumatic Infections Without Mcc,8734
Medicare Managed Care - UHC,864,Fever And Inflammatory Conditions,7429
Medicare Managed Care - UHC,870,Septicemia Or Severe Sepsis With Mv >96 Hours,52501
Medicare Managed Care - UHC,871,Septicemia Or Severe Sepsis Without Mv >96 Hours With Mcc,15279
Medicare Managed Care - UHC,872,Septicemia Or Severe Sepsis Without Mv >96 Hours Without Mcc,8779
Medicare Managed Care - UHC,884,Organic Disturbances And Intellectual Disability,12257
Medicare Managed Care - UHC,885,Psychoses,10653
Medicare Managed Care - UHC,896,"Alcohol, Drug Abuse Or Dependence Without Rehabilitation Therapy With Mcc",20599
Medicare Managed Care - UHC,919,Complications Of Treatment With Mcc,15503
Medicare Managed Care - UHC,920,Complications Of Treatment With Cc,8635
Medicare Managed Care - UHC,951,Other Factors Influencing Health Status,4921
Medicare Managed Care - UHC,958,Other O.R. Procedures For Multiple Significant Trauma With Cc,34631
Medicare Managed Care - UHC,981,Extensive O.R. Procedures Unrelated To Principal Diagnosis With Mcc,38074
Medicare Managed Care - UHC,982,Extensive O.R. Procedures Unrelated To Principal Diagnosis With Cc,21052
Medicare Managed Care - UHC,988,Non-Extensive O.R. Procedures Unrelated To Principal Diagnosis With Cc,14091
