Payer,MS-DRG,Description,Payer Specific Negotiated Charge
Medicaid Managed Care - CHPW,4,"Tracheostomy With Mv >96 Hours Or Principal Diagnosis Except Face, Mouth And Neck Without Major O.R.",131670
Medicaid Managed Care - CHPW,25,Craniotomy And Endovascular Intracranial Procedures With Mcc,27043
Medicaid Managed Care - CHPW,62,"Ischemic Stroke, Precerebral Occlusion Or Transient Ischemia With Thrombolytic Agent With Cc",13712
Medicaid Managed Care - CHPW,64,Intracranial Hemorrhage Or Cerebral Infarction With Mcc,17379
Medicaid Managed Care - CHPW,65,Intracranial Hemorrhage Or Cerebral Infarction With Cc Or Tpa In 24 Hours,12059
Medicaid Managed Care - CHPW,66,Intracranial Hemorrhage Or Cerebral Infarction Without Cc/Mcc,6505
Medicaid Managed Care - CHPW,69,Transient Ischemia Without Thrombolytic,7612
Medicaid Managed Care - CHPW,71,Nonspecific Cerebrovascular Disorders With Cc,11161
Medicaid Managed Care - CHPW,73,Cranial And Peripheral Nerve Disorders With Mcc,9028
Medicaid Managed Care - CHPW,91,Other Disorders Of Nervous System With Mcc,16002
Medicaid Managed Care - CHPW,98,Non-Bacterial Infection Of Nervous System Except Viral Meningitis With Cc,19894
Medicaid Managed Care - CHPW,103,Headaches Without Mcc,5448
Medicaid Managed Care - CHPW,123,Neurological Eye Disorders,7688
Medicaid Managed Care - CHPW,137,Mouth Procedures With Cc/Mcc,10934
Medicaid Managed Care - CHPW,153,Otitis Media And Uri Without Mcc,3016
Medicaid Managed Care - CHPW,163,Major Chest Procedures With Mcc,36191
Medicaid Managed Care - CHPW,165,Major Chest Procedures Without Cc/Mcc,13401
Medicaid Managed Care - CHPW,175,Pulmonary Embolism With Mcc Or Acute Cor Pulmonale,7403
Medicaid Managed Care - CHPW,176,Pulmonary Embolism Without Mcc,5405
Medicaid Managed Care - CHPW,189,Pulmonary Edema And Respiratory Failure,6098
Medicaid Managed Care - CHPW,190,Chronic Obstructive Pulmonary Disease With Mcc,9291
Medicaid Managed Care - CHPW,191,Chronic Obstructive Pulmonary Disease With Cc,9494
Medicaid Managed Care - CHPW,194,Simple Pneumonia And Pleurisy With Cc,6551
Medicaid Managed Care - CHPW,196,Interstitial Lung Disease With Mcc,9518
Medicaid Managed Care - CHPW,199,Pneumothorax With Mcc,7943
Medicaid Managed Care - CHPW,200,Pneumothorax With Cc,6486
Medicaid Managed Care - CHPW,201,Pneumothorax Without Cc/Mcc,3884
Medicaid Managed Care - CHPW,202,Bronchitis And Asthma With Cc/Mcc,3828
Medicaid Managed Care - CHPW,203,Bronchitis And Asthma Without Cc/Mcc,3344
Medicaid Managed Care - CHPW,208,Respiratory System Diagnosis With Ventilator Support <=96 Hours,18036
Medicaid Managed Care - CHPW,215,Other Heart Assist System Implant,51026
Medicaid Managed Care - CHPW,219,Cardiac Valve And Other Major Cardiothoracic Procedures Without Cardiac Catheterization With Mcc,50218
Medicaid Managed Care - CHPW,236,Coronary Bypass Without Cardiac Catheterization Without Mcc,36698
Medicaid Managed Care - CHPW,240,Amputation For Circulatory System Disorders Except Upper Limb And Toe With Cc,14229
Medicaid Managed Care - CHPW,243,Permanent Cardiac Pacemaker Implant With Cc,20603
Medicaid Managed Care - CHPW,245,Aicd Generator Procedures,26992
Medicaid Managed Care - CHPW,246,Percutaneous Cardiovascular Procedures With Drug-Eluting Stent With Mcc Or 4+ Arteries Or Stents,20475
Medicaid Managed Care - CHPW,247,Percutaneous Cardiovascular Procedures With Drug-Eluting Stent Without Mcc,29039
Medicaid Managed Care - CHPW,250,Percutaneous Cardiovascular Procedures Without Coronary Artery Stent With Mcc,22234
Medicaid Managed Care - CHPW,252,Other Vascular Procedures With Mcc,30661
Medicaid Managed Care - CHPW,264,Other Circulatory System O.R. Procedures,18244
Medicaid Managed Care - CHPW,280,"Acute Myocardial Infarction, Discharged Alive With Mcc",24845
Medicaid Managed Care - CHPW,281,"Acute Myocardial Infarction, Discharged Alive With Cc",11017
Medicaid Managed Care - CHPW,286,"Circulatory Disorders Except Ami, With Cardiac Catheterization With Mcc",24139
Medicaid Managed Care - CHPW,287,"Circulatory Disorders Except Ami, With Cardiac Catheterization Without Mcc",9021
Medicaid Managed Care - CHPW,291,Heart Failure And Shock With Mcc,9347
Medicaid Managed Care - CHPW,292,Heart Failure And Shock With Cc,7588
Medicaid Managed Care - CHPW,293,Heart Failure And Shock Without Cc/Mcc,8523
Medicaid Managed Care - CHPW,305,Hypertension Without Mcc,5501
Medicaid Managed Care - CHPW,308,Cardiac Arrhythmia And Conduction Disorders With Mcc,7080
Medicaid Managed Care - CHPW,310,Cardiac Arrhythmia And Conduction Disorders Without Cc/Mcc,4921
Medicaid Managed Care - CHPW,311,Angina Pectoris,5490
Medicaid Managed Care - CHPW,312,Syncope And Collapse,4740
Medicaid Managed Care - CHPW,314,Other Circulatory System Diagnoses With Mcc,26405
Medicaid Managed Care - CHPW,327,"Stomach, Esophageal And Duodenal Procedures With Cc",19235
Medicaid Managed Care - CHPW,328,"Stomach, Esophageal And Duodenal Procedures Without Cc/Mcc",26716
Medicaid Managed Care - CHPW,329,Major Small And Large Bowel Procedures With Mcc,32764
Medicaid Managed Care - CHPW,330,Major Small And Large Bowel Procedures With Cc,15938
Medicaid Managed Care - CHPW,331,Major Small And Large Bowel Procedures Without Cc/Mcc,17255
Medicaid Managed Care - CHPW,333,Rectal Resection With Cc,19450
Medicaid Managed Care - CHPW,334,Rectal Resection Without Cc/Mcc,12652
Medicaid Managed Care - CHPW,337,Peritoneal Adhesiolysis Without Cc/Mcc,20848
Medicaid Managed Care - CHPW,340,Appendectomy With Complicated Principal Diagnosis Without Cc/Mcc,12955
Medicaid Managed Care - CHPW,343,Appendectomy Without Complicated Principal Diagnosis Without Cc/Mcc,8640
Medicaid Managed Care - CHPW,346,Minor Small And Large Bowel Procedures Without Cc/Mcc,18009
Medicaid Managed Care - CHPW,354,Hernia Procedures Except Inguinal And Femoral With Cc,27805
Medicaid Managed Care - CHPW,368,Major Esophageal Disorders With Mcc,9424
Medicaid Managed Care - CHPW,369,Major Esophageal Disorders With Cc,7621
Medicaid Managed Care - CHPW,377,Gastrointestinal Hemorrhage With Mcc,8456
Medicaid Managed Care - CHPW,378,Gastrointestinal Hemorrhage With Cc,6044
Medicaid Managed Care - CHPW,379,Gastrointestinal Hemorrhage Without Cc/Mcc,6076
Medicaid Managed Care - CHPW,380,Complicated Peptic Ulcer With Mcc,14429
Medicaid Managed Care - CHPW,381,Complicated Peptic Ulcer With Cc,6322
Medicaid Managed Care - CHPW,386,Inflammatory Bowel Disease With Cc,14755
Medicaid Managed Care - CHPW,390,Gastrointestinal Obstruction Without Cc/Mcc,6745
Medicaid Managed Care - CHPW,391,"Esophagitis, Gastroenteritis And Miscellaneous Digestive Disorders With Mcc",8101
Medicaid Managed Care - CHPW,392,"Esophagitis, Gastroenteritis And Miscellaneous Digestive Disorders Without Mcc",5732
Medicaid Managed Care - CHPW,393,Other Digestive System Diagnoses With Mcc,7265
Medicaid Managed Care - CHPW,394,Other Digestive System Diagnoses With Cc,8994
Medicaid Managed Care - CHPW,417,Laparoscopic Cholecystectomy Without C.D.E. With Mcc,13377
Medicaid Managed Care - CHPW,418,Laparoscopic Cholecystectomy Without C.D.E. With Cc,8385
Medicaid Managed Care - CHPW,419,Laparoscopic Cholecystectomy Without C.D.E. Without Cc/Mcc,7901
Medicaid Managed Care - CHPW,420,Hepatobiliary Diagnostic Procedures With Mcc,16237
Medicaid Managed Care - CHPW,432,Cirrhosis And Alcoholic Hepatitis With Mcc,12258
Medicaid Managed Care - CHPW,433,Cirrhosis And Alcoholic Hepatitis With Cc,7139
Medicaid Managed Care - CHPW,435,Malignancy Of Hepatobiliary System Or Pancreas With Mcc,10915
Medicaid Managed Care - CHPW,438,Disorders Of Pancreas Except Malignancy With Mcc,9952
Medicaid Managed Care - CHPW,439,Disorders Of Pancreas Except Malignancy With Cc,4785
Medicaid Managed Care - CHPW,440,Disorders Of Pancreas Except Malignancy Without Cc/Mcc,5631
Medicaid Managed Care - CHPW,441,"Disorders Of Liver Except Malignancy, Cirrhosis Or Alcoholic Hepatitis With Mcc",27344
Medicaid Managed Care - CHPW,455,Combined Anterior And Posterior Spinal Fusion Without Cc/Mcc,26837
Medicaid Managed Care - CHPW,462,Bilateral Or Multiple Major Joint Procedures Of Lower Extremity Without Mcc,21297
Medicaid Managed Care - CHPW,470,Major Hip And Knee Joint Replacement Or Reattachment Of Lower Extremity Without Mcc,27531
Medicaid Managed Care - CHPW,477,Biopsies Of Musculoskeletal System And Connective Tissue With Mcc,24439
Medicaid Managed Care - CHPW,481,Hip And Femur Procedures Except Major Joint With Cc,18476
Medicaid Managed Care - CHPW,492,"Lower Extremity And Humerus Procedures Except Hip, Foot And Femur With Mcc",38815
Medicaid Managed Care - CHPW,493,"Lower Extremity And Humerus Procedures Except Hip, Foot And Femur With Cc",21046
Medicaid Managed Care - CHPW,516,Other Musculoskeletal System And Connective Tissue O.R. Procedures With Cc,14444
Medicaid Managed Care - CHPW,519,Back And Neck Procedures Except Spinal Fusion With Cc,9787
Medicaid Managed Care - CHPW,520,Back And Neck Procedures Except Spinal Fusion Without Cc/Mcc,13389
Medicaid Managed Care - CHPW,522,Hip Replacement With Principal Diagnosis Of Hip Fracture Without Mcc,23655
Medicaid Managed Care - CHPW,539,Osteomyelitis With Mcc,13080
Medicaid Managed Care - CHPW,546,Connective Tissue Disorders With Cc,17935
Medicaid Managed Care - CHPW,549,Septic Arthritis With Cc,4952
Medicaid Managed Care - CHPW,552,Medical Back Problems Without Mcc,9700
Medicaid Managed Care - CHPW,556,Signs And Symptoms Of Musculoskeletal System And Connective Tissue Without Mcc,6311
Medicaid Managed Care - CHPW,557,"Tendonitis, Myositis And Bursitis With Mcc",6969
Medicaid Managed Care - CHPW,558,"Tendonitis, Myositis And Bursitis Without Mcc",4304
Medicaid Managed Care - CHPW,561,"Aftercare, Musculoskeletal System And Connective Tissue Without Cc/Mcc",10936
Medicaid Managed Care - CHPW,564,Other Musculoskeletal System And Connective Tissue Diagnoses With Mcc,11644
Medicaid Managed Care - CHPW,579,"Other Skin, Subcutaneous Tissue And Breast Procedures With Mcc",15633
Medicaid Managed Care - CHPW,580,"Other Skin, Subcutaneous Tissue And Breast Procedures With Cc",15401
Medicaid Managed Care - CHPW,602,Cellulitis With Mcc,13925
Medicaid Managed Care - CHPW,603,Cellulitis Without Mcc,4915
Medicaid Managed Care - CHPW,617,"Amputation Of Lower Limb For Endocrine, Nutritional And Metabolic Disorders With Cc",17385
Medicaid Managed Care - CHPW,628,"Other Endocrine, Nutritional And Metabolic O.R. Procedures With Mcc",23891
Medicaid Managed Care - CHPW,637,Diabetes With Mcc,7437
Medicaid Managed Care - CHPW,638,Diabetes With Cc,4437
Medicaid Managed Care - CHPW,639,Diabetes Without Cc/Mcc,5517
Medicaid Managed Care - CHPW,640,"Miscellaneous Disorders Of Nutrition, Metabolism, Fluids And Electrolytes With Mcc",7582
Medicaid Managed Care - CHPW,641,"Miscellaneous Disorders Of Nutrition, Metabolism, Fluids And Electrolytes Without Mcc",8077
Medicaid Managed Care - CHPW,661,Kidney And Ureter Procedures For Non-Neoplasm Without Cc/Mcc,7505
Medicaid Managed Care - CHPW,673,Other Kidney And Urinary Tract Procedures With Mcc,14457
Medicaid Managed Care - CHPW,682,Renal Failure With Mcc,10038
Medicaid Managed Care - CHPW,683,Renal Failure With Cc,5079
Medicaid Managed Care - CHPW,687,Kidney And Urinary Tract Neoplasms With Cc,9898
Medicaid Managed Care - CHPW,690,Kidney And Urinary Tract Infections Without Mcc,7115
Medicaid Managed Care - CHPW,699,Other Kidney And Urinary Tract Diagnoses With Cc,14199
Medicaid Managed Care - CHPW,722,"Malignancy, Male Reproductive System With Mcc",18845
Medicaid Managed Care - CHPW,728,Inflammation Of The Male Reproductive System Without Mcc,5372
Medicaid Managed Care - CHPW,742,Uterine And Adnexa Procedures For Non-Malignancy With Cc/Mcc,18518
Medicaid Managed Care - CHPW,768,Vaginal Delivery With O.R. Procedures Except Sterilization And/Or D&C,7516
Medicaid Managed Care - CHPW,769,Postpartum And Post Abortion Diagnoses With O.R. Procedures,11771
Medicaid Managed Care - CHPW,779,Abortion Without D&C,5106
Medicaid Managed Care - CHPW,783,Cesarean Section With Sterilization With Mcc,12174
Medicaid Managed Care - CHPW,784,Cesarean Section With Sterilization With Cc,8511
Medicaid Managed Care - CHPW,785,Cesarean Section With Sterilization Without Cc/Mcc,6684
Medicaid Managed Care - CHPW,786,Cesarean Section Without Sterilization With Mcc,8088
Medicaid Managed Care - CHPW,787,Cesarean Section Without Sterilization With Cc,7951
Medicaid Managed Care - CHPW,788,Cesarean Section Without Sterilization Without Cc/Mcc,8361
Medicaid Managed Care - CHPW,790,"Extreme Immaturity Or Respiratory Distress Syndrome, Neonate",33407
Medicaid Managed Care - CHPW,791,Prematurity With Major Problems,16943
Medicaid Managed Care - CHPW,793,Full Term Neonate With Major Problems,2862
Medicaid Managed Care - CHPW,794,Neonate With Other Significant Problems,1185
Medicaid Managed Care - CHPW,795,Normal Newborn,1111
Medicaid Managed Care - CHPW,798,Vaginal Delivery With Sterilization And/Or D&C Without Cc/Mcc,8007
Medicaid Managed Care - CHPW,803,Other O.R. Procedures Of The Blood And Blood Forming Organs With Cc,16361
Medicaid Managed Care - CHPW,805,Vaginal Delivery Without Sterilization Or D&C With Mcc,4632
Medicaid Managed Care - CHPW,806,Vaginal Delivery Without Sterilization Or D&C With Cc,5560
Medicaid Managed Care - CHPW,807,Vaginal Delivery Without Sterilization Or D&C Without Cc/Mcc,4589
Medicaid Managed Care - CHPW,809,Major Hematological And Immunological Diagnoses Except Sickle Cell Crisis And Coagulation Disorders ,8015
Medicaid Managed Care - CHPW,812,Red Blood Cell Disorders Without Mcc,7032
Medicaid Managed Care - CHPW,833,Other Antepartum Diagnoses Without O.R. Procedures Without Cc/Mcc,2274
Medicaid Managed Care - CHPW,834,Acute Leukemia Without Major O.R. Procedures With Mcc,71953
Medicaid Managed Care - CHPW,836,Acute Leukemia Without Major O.R. Procedures Without Cc/Mcc,9478
Medicaid Managed Care - CHPW,839,Chemotherapy With Acute Leukemia As Secondary Diagnosis Without Cc/Mcc,7199
Medicaid Managed Care - CHPW,847,Chemotherapy Without Acute Leukemia As Secondary Diagnosis With Cc,6473
Medicaid Managed Care - CHPW,853,Infectious And Parasitic Diseases With O.R. Procedures With Mcc,44162
Medicaid Managed Care - CHPW,856,Postoperative Or Post-Traumatic Infections With O.R. Procedures With Mcc,38019
Medicaid Managed Care - CHPW,863,Postoperative And Post-Traumatic Infections Without Mcc,7448
Medicaid Managed Care - CHPW,870,Septicemia Or Severe Sepsis With Mv >96 Hours,48149
Medicaid Managed Care - CHPW,871,Septicemia Or Severe Sepsis Without Mv >96 Hours With Mcc,10121
Medicaid Managed Care - CHPW,872,Septicemia Or Severe Sepsis Without Mv >96 Hours Without Mcc,5680
Medicaid Managed Care - CHPW,896,"Alcohol, Drug Abuse Or Dependence Without Rehabilitation Therapy With Mcc",11038
Medicaid Managed Care - CHPW,897,"Alcohol, Drug Abuse Or Dependence Without Rehabilitation Therapy Without Mcc",5438
Medicaid Managed Care - CHPW,907,Other O.R. Procedures For Injuries With Mcc,43969
Medicaid Managed Care - CHPW,908,Other O.R. Procedures For Injuries With Cc,8604
Medicaid Managed Care - CHPW,917,Poisoning And Toxic Effects Of Drugs With Mcc,6751
Medicaid Managed Care - CHPW,918,Poisoning And Toxic Effects Of Drugs Without Mcc,4658
Medicaid Managed Care - CHPW,922,"Other Injury, Poisoning And Toxic Effect Diagnoses With Mcc",17837
Medicaid Managed Care - CHPW,947,Signs And Symptoms With Mcc,13358
Medicaid Managed Care - CHPW,956,"Limb Reattachment, Hip And Femur Procedures For Multiple Significant Trauma",25273
Medicaid Managed Care - CHPW,958,Other O.R. Procedures For Multiple Significant Trauma With Cc,28948
Medicaid Managed Care - CHPW,981,Extensive O.R. Procedures Unrelated To Principal Diagnosis With Mcc,31701
Medicaid Managed Care - CHPW,982,Extensive O.R. Procedures Unrelated To Principal Diagnosis With Cc,12450
Medicaid Managed Care - CHPW,987,Non-Extensive O.R. Procedures Unrelated To Principal Diagnosis With Mcc,21584
