Payer,MS-DRG,Description,Payer Specific Negotiated Charge
Aetna,38,Extracranial Procedures With Cc,33200
Aetna,57,Degenerative Nervous System Disorders Without Mcc,40414
Aetna,65,Intracranial Hemorrhage Or Cerebral Infarction With Cc Or Tpa In 24 Hours,34904
Aetna,70,Nonspecific Cerebrovascular Disorders With Mcc,82805
Aetna,72,Nonspecific Cerebrovascular Disorders Without Cc/Mcc,26131
Aetna,82,Traumatic Stupor And Coma >1 Hour With Mcc,54496
Aetna,91,Other Disorders Of Nervous System With Mcc,76534
Aetna,92,Other Disorders Of Nervous System With Cc,18273
Aetna,103,Headaches Without Mcc,30450
Aetna,125,Other Disorders Of The Eye Without Mcc,25422
Aetna,137,Mouth Procedures With Cc/Mcc,19583
Aetna,149,Dysequilibrium,25609
Aetna,153,Otitis Media And Uri Without Mcc,20739
Aetna,163,Major Chest Procedures With Mcc,128958
Aetna,164,Major Chest Procedures With Cc,63958
Aetna,175,Pulmonary Embolism With Mcc Or Acute Cor Pulmonale,16923
Aetna,177,Respiratory Infections And Inflammations With Mcc,29081
Aetna,178,Respiratory Infections And Inflammations With Cc,19927
Aetna,186,Pleural Effusion With Mcc,47136
Aetna,189,Pulmonary Edema And Respiratory Failure,17836
Aetna,190,Chronic Obstructive Pulmonary Disease With Mcc,23244
Aetna,193,Simple Pneumonia And Pleurisy With Mcc,31246
Aetna,194,Simple Pneumonia And Pleurisy With Cc,17618
Aetna,199,Pneumothorax With Mcc,42349
Aetna,200,Pneumothorax With Cc,38369
Aetna,203,Bronchitis And Asthma Without Cc/Mcc,19235
Aetna,208,Respiratory System Diagnosis With Ventilator Support <=96 Hours,105677
Aetna,220,Cardiac Valve And Other Major Cardiothoracic Procedures Without Cardiac Catheterization With Cc,178055
Aetna,231,Coronary Bypass With Ptca With Mcc,264162
Aetna,234,Coronary Bypass With Cardiac Catheterization Or Open Ablation Without Mcc,238132
Aetna,236,Coronary Bypass Without Cardiac Catheterization Without Mcc,157448
Aetna,240,Amputation For Circulatory System Disorders Except Upper Limb And Toe With Cc,55440
Aetna,247,Percutaneous Cardiovascular Procedures With Drug-Eluting Stent Without Mcc,68211
Aetna,252,Other Vascular Procedures With Mcc,60676
Aetna,254,Other Vascular Procedures Without Cc/Mcc,48987
Aetna,264,Other Circulatory System O.R. Procedures,86876
Aetna,266,Endovascular Cardiac Valve Replacement And Supplement Procedures With Mcc,99830
Aetna,268,Aortic And Heart Assist Procedures Except Pulsation Balloon With Mcc,147183
Aetna,274,Percutaneous And Other Intracardiac Procedures Without Mcc,72314
Aetna,281,"Acute Myocardial Infarction, Discharged Alive With Cc",34065
Aetna,291,Heart Failure And Shock With Mcc,39432
Aetna,292,Heart Failure And Shock With Cc,22046
Aetna,300,Peripheral Vascular Disorders With Cc,15851
Aetna,309,Cardiac Arrhythmia And Conduction Disorders With Cc,25584
Aetna,314,Other Circulatory System Diagnoses With Mcc,21726
Aetna,315,Other Circulatory System Diagnoses With Cc,29199
Aetna,330,Major Small And Large Bowel Procedures With Cc,81348
Aetna,340,Appendectomy With Complicated Principal Diagnosis Without Cc/Mcc,44890
Aetna,356,Other Digestive System O.R. Procedures With Mcc,50769
Aetna,372,Major Gastrointestinal Disorders And Peritoneal Infections With Cc,19865
Aetna,375,Digestive Malignancy With Cc,33225
Aetna,377,Gastrointestinal Hemorrhage With Mcc,43220
Aetna,378,Gastrointestinal Hemorrhage With Cc,26246
Aetna,382,Complicated Peptic Ulcer Without Cc/Mcc,22553
Aetna,388,Gastrointestinal Obstruction With Mcc,38959
Aetna,389,Gastrointestinal Obstruction With Cc,28140
Aetna,390,Gastrointestinal Obstruction Without Cc/Mcc,20859
Aetna,392,"Esophagitis, Gastroenteritis And Miscellaneous Digestive Disorders Without Mcc",25860
Aetna,394,Other Digestive System Diagnoses With Cc,29907
Aetna,417,Laparoscopic Cholecystectomy Without C.D.E. With Mcc,48301
Aetna,438,Disorders Of Pancreas Except Malignancy With Mcc,19460
Aetna,439,Disorders Of Pancreas Except Malignancy With Cc,16447
Aetna,440,Disorders Of Pancreas Except Malignancy Without Cc/Mcc,24580
Aetna,453,Combined Anterior And Posterior Spinal Fusion With Mcc,158703
Aetna,454,Combined Anterior And Posterior Spinal Fusion With Cc,156035
Aetna,488,Knee Procedures Without Principal Diagnosis Of Infection With Cc/Mcc,51124
Aetna,512,"Shoulder, Elbow Or Forearm Procedures, Except Major Joint Procedures Without Cc/Mcc",23198
Aetna,514,"Hand Or Wrist Procedures, Except Major Thumb Or Joint Procedures Without Cc/Mcc",21955
Aetna,517,Other Musculoskeletal System And Connective Tissue O.R. Procedures Without Cc/Mcc,37762
Aetna,558,"Tendonitis, Myositis And Bursitis Without Mcc",11166
Aetna,617,"Amputation Of Lower Limb For Endocrine, Nutritional And Metabolic Disorders With Cc",27578
Aetna,638,Diabetes With Cc,21057
Aetna,639,Diabetes Without Cc/Mcc,13938
Aetna,640,"Miscellaneous Disorders Of Nutrition, Metabolism, Fluids And Electrolytes With Mcc",19042
Aetna,641,"Miscellaneous Disorders Of Nutrition, Metabolism, Fluids And Electrolytes Without Mcc",11997
Aetna,661,Kidney And Ureter Procedures For Non-Neoplasm Without Cc/Mcc,38850
Aetna,682,Renal Failure With Mcc,19176
Aetna,728,Inflammation Of The Male Reproductive System Without Mcc,30606
Aetna,740,Uterine And Adnexa Procedures For Non-Ovarian And Non-Adnexal Malignancy With Cc,49861
Aetna,743,Uterine And Adnexa Procedures For Non-Malignancy Without Cc/Mcc,34442
Aetna,768,Vaginal Delivery With O.R. Procedures Except Sterilization And/Or D&C,27747
Aetna,770,"Abortion With D&C, Aspiration Curettage Or Hysterotomy",14151
Aetna,776,Postpartum And Post Abortion Diagnoses Without O.R. Procedures,23845
Aetna,783,Cesarean Section With Sterilization With Mcc,28590
Aetna,785,Cesarean Section With Sterilization Without Cc/Mcc,27548
Aetna,786,Cesarean Section Without Sterilization With Mcc,35206
Aetna,787,Cesarean Section Without Sterilization With Cc,31719
Aetna,788,Cesarean Section Without Sterilization Without Cc/Mcc,30020
Aetna,790,"Extreme Immaturity Or Respiratory Distress Syndrome, Neonate",153874
Aetna,792,Prematurity Without Major Problems,7630
Aetna,794,Neonate With Other Significant Problems,4496
Aetna,795,Normal Newborn,4163
Aetna,798,Vaginal Delivery With Sterilization And/Or D&C Without Cc/Mcc,31437
Aetna,799,Splenectomy With Mcc,47093
Aetna,805,Vaginal Delivery Without Sterilization Or D&C With Mcc,25025
Aetna,806,Vaginal Delivery Without Sterilization Or D&C With Cc,21161
Aetna,807,Vaginal Delivery Without Sterilization Or D&C Without Cc/Mcc,20167
Aetna,809,Major Hematological And Immunological Diagnoses Except Sickle Cell Crisis And Coagulation Disorders ,26060
Aetna,815,Reticuloendothelial And Immunity Disorders With Cc,16543
Aetna,829,Myeloproliferative Disorders Or Poorly Differentiated Neoplasms With Other Procedures With Cc/Mcc,34931
Aetna,832,Other Antepartum Diagnoses Without O.R. Procedures With Cc,19168
Aetna,843,Other Myeloproliferative Disorders Or Poorly Differentiated Neoplastic Diagnoses With Mcc,51508
Aetna,847,Chemotherapy Without Acute Leukemia As Secondary Diagnosis With Cc,21941
Aetna,857,Postoperative Or Post-Traumatic Infections With O.R. Procedures With Cc,29790
Aetna,862,Postoperative And Post-Traumatic Infections With Mcc,51031
Aetna,866,Viral Illness Without Mcc,28050
Aetna,870,Septicemia Or Severe Sepsis With Mv >96 Hours,185602
Aetna,871,Septicemia Or Severe Sepsis Without Mv >96 Hours With Mcc,31239
Aetna,872,Septicemia Or Severe Sepsis Without Mv >96 Hours Without Mcc,25663
Aetna,885,Psychoses,12467
Aetna,897,"Alcohol, Drug Abuse Or Dependence Without Rehabilitation Therapy Without Mcc",18576
Aetna,907,Other O.R. Procedures For Injuries With Mcc,43738
Aetna,909,Other O.R. Procedures For Injuries Without Cc/Mcc,41531
Aetna,917,Poisoning And Toxic Effects Of Drugs With Mcc,31039
Aetna,918,Poisoning And Toxic Effects Of Drugs Without Mcc,16769
Aetna,948,Signs And Symptoms Without Mcc,15070
Aetna,964,Other Multiple Significant Trauma With Cc,43755
