Payer,MS-DRG,Description,Payer Specific Negotiated Charge
Medicare Managed Care - Kaiser,64,Intracranial Hemorrhage Or Cerebral Infarction With Mcc,13936
Medicare Managed Care - Kaiser,177,Respiratory Infections And Inflammations With Mcc,14249
Medicare Managed Care - Kaiser,243,Permanent Cardiac Pacemaker Implant With Cc,19975
Medicare Managed Care - Kaiser,291,Heart Failure And Shock With Mcc,10533
Medicare Managed Care - Kaiser,327,"Stomach, Esophageal And Duodenal Procedures With Cc",20258
Medicare Managed Care - Kaiser,394,Other Digestive System Diagnoses With Cc,7521
Medicare Managed Care - Kaiser,522,Hip Replacement With Principal Diagnosis Of Hip Fracture Without Mcc,16867
Medicare Managed Care - Kaiser,638,Diabetes With Cc,7108
Medicare Managed Care - Kaiser,690,Kidney And Urinary Tract Infections Without Mcc,6444
