Payer,MS-DRG,Description,Payer Specific Negotiated Charge
Coordinated Care - Exchange,28,Spinal Procedures With Mcc,77747
Coordinated Care - Exchange,65,Intracranial Hemorrhage Or Cerebral Infarction With Cc Or Tpa In 24 Hours,14096
Coordinated Care - Exchange,175,Pulmonary Embolism With Mcc Or Acute Cor Pulmonale,21143
Coordinated Care - Exchange,177,Respiratory Infections And Inflammations With Mcc,25369
Coordinated Care - Exchange,180,Respiratory Neoplasms With Mcc,24148
Coordinated Care - Exchange,186,Pleural Effusion With Mcc,21216
Coordinated Care - Exchange,189,Pulmonary Edema And Respiratory Failure,16761
Coordinated Care - Exchange,190,Chronic Obstructive Pulmonary Disease With Mcc,15483
Coordinated Care - Exchange,193,Simple Pneumonia And Pleurisy With Mcc,18459
Coordinated Care - Exchange,207,Respiratory System Diagnosis With Ventilator Support >96 Hours,75333
Coordinated Care - Exchange,233,Coronary Bypass With Cardiac Catheterization Or Open Ablation With Mcc,120962
Coordinated Care - Exchange,234,Coronary Bypass With Cardiac Catheterization Or Open Ablation Without Mcc,96904
Coordinated Care - Exchange,246,Percutaneous Cardiovascular Procedures With Drug-Eluting Stent With Mcc Or 4+ Arteries Or Stents,41307
Coordinated Care - Exchange,247,Percutaneous Cardiovascular Procedures With Drug-Eluting Stent Without Mcc,26585
Coordinated Care - Exchange,253,Other Vascular Procedures With Cc,35266
Coordinated Care - Exchange,282,"Acute Myocardial Infarction, Discharged Alive Without Cc/Mcc",10504
Coordinated Care - Exchange,291,Heart Failure And Shock With Mcc,17846
Coordinated Care - Exchange,331,Major Small And Large Bowel Procedures Without Cc/Mcc,23600
Coordinated Care - Exchange,334,Rectal Resection Without Cc/Mcc,22140
Coordinated Care - Exchange,336,Peritoneal Adhesiolysis With Cc,33588
Coordinated Care - Exchange,357,Other Digestive System O.R. Procedures With Cc,30058
Coordinated Care - Exchange,377,Gastrointestinal Hemorrhage With Mcc,24238
Coordinated Care - Exchange,386,Inflammatory Bowel Disease With Cc,14183
Coordinated Care - Exchange,418,Laparoscopic Cholecystectomy Without C.D.E. With Cc,23283
Coordinated Care - Exchange,432,Cirrhosis And Alcoholic Hepatitis With Mcc,26018
Coordinated Care - Exchange,435,Malignancy Of Hepatobiliary System Or Pancreas With Mcc,24446
Coordinated Care - Exchange,438,Disorders Of Pancreas Except Malignancy With Mcc,21696
Coordinated Care - Exchange,442,"Disorders Of Liver Except Malignancy, Cirrhosis Or Alcoholic Hepatitis With Cc",13284
Coordinated Care - Exchange,472,Cervical Spinal Fusion With Cc,40324
Coordinated Care - Exchange,498,Local Excision And Removal Of Internal Fixation Devices Of Hip And Femur With Cc/Mcc,34418
Coordinated Care - Exchange,501,Soft Tissue Procedures With Cc,23781
Coordinated Care - Exchange,560,"Aftercare, Musculoskeletal System And Connective Tissue With Cc",15271
Coordinated Care - Exchange,566,Other Musculoskeletal System And Connective Tissue Diagnoses Without Cc/Mcc,10910
Coordinated Care - Exchange,579,"Other Skin, Subcutaneous Tissue And Breast Procedures With Mcc",41174
Coordinated Care - Exchange,614,Adrenal And Pituitary Procedures With Cc/Mcc,32693
Coordinated Care - Exchange,640,"Miscellaneous Disorders Of Nutrition, Metabolism, Fluids And Electrolytes With Mcc",16800
Coordinated Care - Exchange,660,Kidney And Ureter Procedures For Non-Neoplasm With Cc,20122
Coordinated Care - Exchange,694,Urinary Stones Without Mcc,10369
Coordinated Care - Exchange,742,Uterine And Adnexa Procedures For Non-Malignancy With Cc/Mcc,23819
Coordinated Care - Exchange,743,Uterine And Adnexa Procedures For Non-Malignancy Without Cc/Mcc,15888
Coordinated Care - Exchange,768,Vaginal Delivery With O.R. Procedures Except Sterilization And/Or D&C,16446
Coordinated Care - Exchange,786,Cesarean Section Without Sterilization With Mcc,21787
Coordinated Care - Exchange,787,Cesarean Section Without Sterilization With Cc,14840
Coordinated Care - Exchange,788,Cesarean Section Without Sterilization Without Cc/Mcc,12685
Coordinated Care - Exchange,794,Neonate With Other Significant Problems,6130
Coordinated Care - Exchange,795,Normal Newborn,3393
Coordinated Care - Exchange,806,Vaginal Delivery Without Sterilization Or D&C With Cc,10404
Coordinated Care - Exchange,807,Vaginal Delivery Without Sterilization Or D&C Without Cc/Mcc,9207
Coordinated Care - Exchange,809,Major Hematological And Immunological Diagnoses Except Sickle Cell Crisis And Coagulation Disorders ,16769
Coordinated Care - Exchange,817,Other Antepartum Diagnoses With O.R. Procedures With Mcc,31633
Coordinated Care - Exchange,840,Lymphoma And Non-Acute Leukemia With Mcc,92784
Coordinated Care - Exchange,847,Chemotherapy Without Acute Leukemia As Secondary Diagnosis With Cc,15113
Coordinated Care - Exchange,854,Infectious And Parasitic Diseases With O.R. Procedures With Cc,28074
Coordinated Care - Exchange,856,Postoperative Or Post-Traumatic Infections With O.R. Procedures With Mcc,63236
Coordinated Care - Exchange,870,Septicemia Or Severe Sepsis With Mv >96 Hours,84247
Coordinated Care - Exchange,871,Septicemia Or Severe Sepsis Without Mv >96 Hours With Mcc,25841
Coordinated Care - Exchange,872,Septicemia Or Severe Sepsis Without Mv >96 Hours Without Mcc,14551
Coordinated Care - Exchange,897,"Alcohol, Drug Abuse Or Dependence Without Rehabilitation Therapy Without Mcc",11586
