MS-DRG,Description,De-Identified Maximum Negotiated Charge
3,"Ecmo Or Tracheostomy With Mv >96 Hours Or Principal Diagnosis Except Face, Mouth And Neck With Major",299766
4,"Tracheostomy With Mv >96 Hours Or Principal Diagnosis Except Face, Mouth And Neck Without Major O.R.",340808
24,Craniotomy With Major Device Implant Or Acute Complex Cns Principal Diagnosis Without Mcc,31488
25,Craniotomy And Endovascular Intracranial Procedures With Mcc,115081
26,Craniotomy And Endovascular Intracranial Procedures With Cc,36555
27,Craniotomy And Endovascular Intracranial Procedures Without Cc/Mcc,40356
28,Spinal Procedures With Mcc,77747
29,Spinal Procedures With Cc Or Spinal Neurostimulators,39388
31,Ventricular Shunt Procedures With Mcc,86953
32,Ventricular Shunt Procedures With Cc,26445
33,Ventricular Shunt Procedures Without Cc/Mcc,13883
35,Carotid Artery Stent Procedures With Cc,19092
36,Carotid Artery Stent Procedures Without Cc/Mcc,15754
38,Extracranial Procedures With Cc,33200
39,Extracranial Procedures Without Cc/Mcc,19904
40,"Peripheral, Cranial Nerve And Other Nervous System Procedures With Mcc",31779
41,"Peripheral, Cranial Nerve And Other Nervous System Procedures With Cc Or Peripheral Neurostimulator",34917
54,Nervous System Neoplasms With Mcc,26871
55,Nervous System Neoplasms Without Mcc,25784
56,Degenerative Nervous System Disorders With Mcc,44092
57,Degenerative Nervous System Disorders Without Mcc,40414
58,Multiple Sclerosis And Cerebellar Ataxia With Mcc,20761
59,Multiple Sclerosis And Cerebellar Ataxia With Cc,9821
60,Multiple Sclerosis And Cerebellar Ataxia Without Cc/Mcc,10945
62,"Ischemic Stroke, Precerebral Occlusion Or Transient Ischemia With Thrombolytic Agent With Cc",37140
63,"Ischemic Stroke, Precerebral Occlusion Or Transient Ischemia With Thrombolytic Agent Without Cc/Mcc",20440
64,Intracranial Hemorrhage Or Cerebral Infarction With Mcc,17603
65,Intracranial Hemorrhage Or Cerebral Infarction With Cc Or Tpa In 24 Hours,34904
66,Intracranial Hemorrhage Or Cerebral Infarction Without Cc/Mcc,10569
67,Nonspecific Cva And Precerebral Occlusion Without Infarction With Mcc,17030
69,Transient Ischemia Without Thrombolytic,13005
70,Nonspecific Cerebrovascular Disorders With Mcc,82805
71,Nonspecific Cerebrovascular Disorders With Cc,11161
72,Nonspecific Cerebrovascular Disorders Without Cc/Mcc,26131
73,Cranial And Peripheral Nerve Disorders With Mcc,11736
74,Cranial And Peripheral Nerve Disorders Without Mcc,32521
78,Hypertensive Encephalopathy With Cc,8218
80,Nontraumatic Stupor And Coma With Mcc,20904
82,Traumatic Stupor And Coma >1 Hour With Mcc,54496
83,Traumatic Stupor And Coma >1 Hour With Cc,11365
84,Traumatic Stupor And Coma >1 Hour Without Cc/Mcc,13398
85,Traumatic Stupor And Coma <1 Hour With Mcc,26742
86,Traumatic Stupor And Coma <1 Hour With Cc,22019
87,Traumatic Stupor And Coma <1 Hour Without Cc/Mcc,10312
91,Other Disorders Of Nervous System With Mcc,76534
92,Other Disorders Of Nervous System With Cc,24911
93,Other Disorders Of Nervous System Without Cc/Mcc,20776
94,Bacterial And Tuberculous Infections Of Nervous System With Mcc,43430
95,Bacterial And Tuberculous Infections Of Nervous System With Cc,40118
96,Bacterial And Tuberculous Infections Of Nervous System Without Cc/Mcc,27871
97,Non-Bacterial Infection Of Nervous System Except Viral Meningitis With Mcc,44859
98,Non-Bacterial Infection Of Nervous System Except Viral Meningitis With Cc,28406
99,Non-Bacterial Infection Of Nervous System Except Viral Meningitis Without Cc/Mcc,26614
100,Seizures With Mcc,22397
101,Seizures Without Mcc,25983
103,Headaches Without Mcc,30450
123,Neurological Eye Disorders,12754
125,Other Disorders Of The Eye Without Mcc,25422
137,Mouth Procedures With Cc/Mcc,19583
138,Mouth Procedures Without Cc/Mcc,4985
141,Major Head And Neck Procedures With Cc,15018
142,Major Head And Neck Procedures Without Cc/Mcc,19232
144,"Other Ear, Nose, Mouth And Throat O.R. Procedures With Cc",20925
145,"Other Ear, Nose, Mouth And Throat O.R. Procedures Without Cc/Mcc",9977
146,"Ear, Nose, Mouth And Throat Malignancy With Mcc",17075
149,Dysequilibrium,25609
150,Epistaxis With Mcc,11270
152,Otitis Media And Uri With Mcc,8825
153,Otitis Media And Uri Without Mcc,20739
155,"Other Ear, Nose, Mouth And Throat Diagnoses With Cc",8083
158,Dental And Oral Diseases With Cc,29390
163,Major Chest Procedures With Mcc,128958
164,Major Chest Procedures With Cc,63958
165,Major Chest Procedures Without Cc/Mcc,50081
166,Other Respiratory System O.R. Procedures With Mcc,45321
167,Other Respiratory System O.R. Procedures With Cc,36166
168,Other Respiratory System O.R. Procedures Without Cc/Mcc,24334
175,Pulmonary Embolism With Mcc Or Acute Cor Pulmonale,21143
176,Pulmonary Embolism Without Mcc,26869
177,Respiratory Infections And Inflammations With Mcc,32181
178,Respiratory Infections And Inflammations With Cc,19927
179,Respiratory Infections And Inflammations Without Cc/Mcc,10413
180,Respiratory Neoplasms With Mcc,24148
181,Respiratory Neoplasms With Cc,20244
184,Major Chest Trauma With Cc,20316
186,Pleural Effusion With Mcc,47136
187,Pleural Effusion With Cc,12339
189,Pulmonary Edema And Respiratory Failure,17836
190,Chronic Obstructive Pulmonary Disease With Mcc,23244
191,Chronic Obstructive Pulmonary Disease With Cc,10557
192,Chronic Obstructive Pulmonary Disease Without Cc/Mcc,6143
193,Simple Pneumonia And Pleurisy With Mcc,31246
194,Simple Pneumonia And Pleurisy With Cc,17618
195,Simple Pneumonia And Pleurisy Without Cc/Mcc,13921
196,Interstitial Lung Disease With Mcc,19984
197,Interstitial Lung Disease With Cc,12021
199,Pneumothorax With Mcc,42349
200,Pneumothorax With Cc,38369
201,Pneumothorax Without Cc/Mcc,22104
202,Bronchitis And Asthma With Cc/Mcc,11543
203,Bronchitis And Asthma Without Cc/Mcc,19235
204,Respiratory Signs And Symptoms,17531
205,Other Respiratory System Diagnoses With Mcc,25876
206,Other Respiratory System Diagnoses Without Mcc,10570
207,Respiratory System Diagnosis With Ventilator Support >96 Hours,170222
208,Respiratory System Diagnosis With Ventilator Support <=96 Hours,105677
215,Other Heart Assist System Implant,133382
216,Cardiac Valve And Other Major Cardiothoracic Procedures With Cardiac Catheterization With Mcc,86361
217,Cardiac Valve And Other Major Cardiothoracic Procedures With Cardiac Catheterization With Cc,77615
219,Cardiac Valve And Other Major Cardiothoracic Procedures Without Cardiac Catheterization With Mcc,321620
220,Cardiac Valve And Other Major Cardiothoracic Procedures Without Cardiac Catheterization With Cc,211906
221,Cardiac Valve And Other Major Cardiothoracic Procedures Without Cardiac Catheterization Without Cc/M,63122
223,"Cardiac Defibrillator Implant With Cardiac Catheterization With Ami, Hf Or Shock Without Mcc",171417
224,"Cardiac Defibrillator Implant With Cardiac Catheterization Without Ami, Hf Or Shock With Mcc",88008
225,"Cardiac Defibrillator Implant With Cardiac Catheterization Without Ami, Hf Or Shock Without Mcc",45371
226,Cardiac Defibrillator Implant Without Cardiac Catheterization With Mcc,79037
227,Cardiac Defibrillator Implant Without Cardiac Catheterization Without Mcc,47571
228,Other Cardiothoracic Procedures With Mcc,91668
229,Other Cardiothoracic Procedures Without Mcc,35013
231,Coronary Bypass With Ptca With Mcc,264162
232,Coronary Bypass With Ptca Without Mcc,56826
233,Coronary Bypass With Cardiac Catheterization Or Open Ablation With Mcc,248744
234,Coronary Bypass With Cardiac Catheterization Or Open Ablation Without Mcc,238132
235,Coronary Bypass Without Cardiac Catheterization With Mcc,52316
236,Coronary Bypass Without Cardiac Catheterization Without Mcc,157448
239,Amputation For Circulatory System Disorders Except Upper Limb And Toe With Mcc,49299
240,Amputation For Circulatory System Disorders Except Upper Limb And Toe With Cc,55440
242,Permanent Cardiac Pacemaker Implant With Mcc,29795
243,Permanent Cardiac Pacemaker Implant With Cc,33879
245,Aicd Generator Procedures,26992
246,Percutaneous Cardiovascular Procedures With Drug-Eluting Stent With Mcc Or 4+ Arteries Or Stents,102005
247,Percutaneous Cardiovascular Procedures With Drug-Eluting Stent Without Mcc,68211
250,Percutaneous Cardiovascular Procedures Without Coronary Artery Stent With Mcc,78041
252,Other Vascular Procedures With Mcc,60676
253,Other Vascular Procedures With Cc,57488
254,Other Vascular Procedures Without Cc/Mcc,61068
255,Upper Limb And Toe Amputation For Circulatory System Disorders With Mcc,30399
256,Upper Limb And Toe Amputation For Circulatory System Disorders With Cc,13424
263,Vein Ligation And Stripping,19662
264,Other Circulatory System O.R. Procedures,86876
266,Endovascular Cardiac Valve Replacement And Supplement Procedures With Mcc,99830
267,Endovascular Cardiac Valve Replacement And Supplement Procedures Without Mcc,97756
268,Aortic And Heart Assist Procedures Except Pulsation Balloon With Mcc,147183
269,Aortic And Heart Assist Procedures Except Pulsation Balloon Without Mcc,92695
270,Other Major Cardiovascular Procedures With Mcc,129841
271,Other Major Cardiovascular Procedures With Cc,48832
272,Other Major Cardiovascular Procedures Without Cc/Mcc,26175
273,Percutaneous And Other Intracardiac Procedures With Mcc,45870
274,Percutaneous And Other Intracardiac Procedures Without Mcc,72314
280,"Acute Myocardial Infarction, Discharged Alive With Mcc",27691
281,"Acute Myocardial Infarction, Discharged Alive With Cc",34065
282,"Acute Myocardial Infarction, Discharged Alive Without Cc/Mcc",12921
283,"Acute Myocardial Infarction, Expired With Mcc",15538
286,"Circulatory Disorders Except Ami, With Cardiac Catheterization With Mcc",26467
287,"Circulatory Disorders Except Ami, With Cardiac Catheterization Without Mcc",34275
288,Acute And Subacute Endocarditis With Mcc,32049
291,Heart Failure And Shock With Mcc,39432
292,Heart Failure And Shock With Cc,22046
293,Heart Failure And Shock Without Cc/Mcc,8523
296,"Cardiac Arrest, Unexplained With Mcc",9875
299,Peripheral Vascular Disorders With Mcc,13321
300,Peripheral Vascular Disorders With Cc,15851
301,Peripheral Vascular Disorders Without Cc/Mcc,6316
303,Atherosclerosis Without Mcc,5983
304,Hypertension With Mcc,35385
305,Hypertension Without Mcc,8828
307,Cardiac Congenital And Valvular Disorders Without Mcc,7728
308,Cardiac Arrhythmia And Conduction Disorders With Mcc,35661
309,Cardiac Arrhythmia And Conduction Disorders With Cc,25584
310,Cardiac Arrhythmia And Conduction Disorders Without Cc/Mcc,8838
311,Angina Pectoris,8332
312,Syncope And Collapse,11426
313,Chest Pain,9599
314,Other Circulatory System Diagnoses With Mcc,46968
315,Other Circulatory System Diagnoses With Cc,29199
316,Other Circulatory System Diagnoses Without Cc/Mcc,8960
326,"Stomach, Esophageal And Duodenal Procedures With Mcc",64285
327,"Stomach, Esophageal And Duodenal Procedures With Cc",40763
328,"Stomach, Esophageal And Duodenal Procedures Without Cc/Mcc",30338
329,Major Small And Large Bowel Procedures With Mcc,66985
330,Major Small And Large Bowel Procedures With Cc,84422
331,Major Small And Large Bowel Procedures Without Cc/Mcc,53067
333,Rectal Resection With Cc,19450
334,Rectal Resection Without Cc/Mcc,22140
335,Peritoneal Adhesiolysis With Mcc,34277
336,Peritoneal Adhesiolysis With Cc,33588
337,Peritoneal Adhesiolysis Without Cc/Mcc,59118
338,Appendectomy With Complicated Principal Diagnosis With Mcc,11250
339,Appendectomy With Complicated Principal Diagnosis With Cc,8570
340,Appendectomy With Complicated Principal Diagnosis Without Cc/Mcc,44890
341,Appendectomy Without Complicated Principal Diagnosis With Mcc,27688
342,Appendectomy Without Complicated Principal Diagnosis With Cc,17131
343,Appendectomy Without Complicated Principal Diagnosis Without Cc/Mcc,13352
344,Minor Small And Large Bowel Procedures With Mcc,22656
345,Minor Small And Large Bowel Procedures With Cc,13720
346,Minor Small And Large Bowel Procedures Without Cc/Mcc,26734
348,Anal And Stomal Procedures With Cc,11221
349,Anal And Stomal Procedures Without Cc/Mcc,20822
351,Inguinal And Femoral Hernia Procedures With Cc,12576
352,Inguinal And Femoral Hernia Procedures Without Cc/Mcc,9184
353,Hernia Procedures Except Inguinal And Femoral With Mcc,27372
354,Hernia Procedures Except Inguinal And Femoral With Cc,38459
355,Hernia Procedures Except Inguinal And Femoral Without Cc/Mcc,30100
356,Other Digestive System O.R. Procedures With Mcc,50769
357,Other Digestive System O.R. Procedures With Cc,30058
358,Other Digestive System O.R. Procedures Without Cc/Mcc,21604
368,Major Esophageal Disorders With Mcc,23862
369,Major Esophageal Disorders With Cc,12872
370,Major Esophageal Disorders Without Cc/Mcc,8580
371,Major Gastrointestinal Disorders And Peritoneal Infections With Mcc,20239
372,Major Gastrointestinal Disorders And Peritoneal Infections With Cc,32764
373,Major Gastrointestinal Disorders And Peritoneal Infections Without Cc/Mcc,17962
374,Digestive Malignancy With Mcc,24720
375,Digestive Malignancy With Cc,33225
376,Digestive Malignancy Without Cc/Mcc,6300
377,Gastrointestinal Hemorrhage With Mcc,43220
378,Gastrointestinal Hemorrhage With Cc,26246
379,Gastrointestinal Hemorrhage Without Cc/Mcc,8052
380,Complicated Peptic Ulcer With Mcc,34153
381,Complicated Peptic Ulcer With Cc,12880
382,Complicated Peptic Ulcer Without Cc/Mcc,22553
385,Inflammatory Bowel Disease With Mcc,19355
386,Inflammatory Bowel Disease With Cc,14755
387,Inflammatory Bowel Disease Without Cc/Mcc,12761
388,Gastrointestinal Obstruction With Mcc,38959
389,Gastrointestinal Obstruction With Cc,28140
390,Gastrointestinal Obstruction Without Cc/Mcc,20859
391,"Esophagitis, Gastroenteritis And Miscellaneous Digestive Disorders With Mcc",39496
392,"Esophagitis, Gastroenteritis And Miscellaneous Digestive Disorders Without Mcc",25860
393,Other Digestive System Diagnoses With Mcc,31417
394,Other Digestive System Diagnoses With Cc,30310
395,Other Digestive System Diagnoses Without Cc/Mcc,16435
405,"Pancreas, Liver And Shunt Procedures With Mcc",89899
406,"Pancreas, Liver And Shunt Procedures With Cc",34392
408,Biliary Tract Procedures Except Only Cholecystectomy With Or Without C.D.E. With Mcc,32456
414,Cholecystectomy Except By Laparoscope Without C.D.E. With Mcc,30211
417,Laparoscopic Cholecystectomy Without C.D.E. With Mcc,65819
418,Laparoscopic Cholecystectomy Without C.D.E. With Cc,30850
419,Laparoscopic Cholecystectomy Without C.D.E. Without Cc/Mcc,15722
420,Hepatobiliary Diagnostic Procedures With Mcc,66088
421,Hepatobiliary Diagnostic Procedures With Cc,11371
423,Other Hepatobiliary Or Pancreas O.R. Procedures With Mcc,42827
432,Cirrhosis And Alcoholic Hepatitis With Mcc,68123
433,Cirrhosis And Alcoholic Hepatitis With Cc,23518
435,Malignancy Of Hepatobiliary System Or Pancreas With Mcc,58219
436,Malignancy Of Hepatobiliary System Or Pancreas With Cc,13391
438,Disorders Of Pancreas Except Malignancy With Mcc,21696
439,Disorders Of Pancreas Except Malignancy With Cc,23623
440,Disorders Of Pancreas Except Malignancy Without Cc/Mcc,24580
441,"Disorders Of Liver Except Malignancy, Cirrhosis Or Alcoholic Hepatitis With Mcc",53546
442,"Disorders Of Liver Except Malignancy, Cirrhosis Or Alcoholic Hepatitis With Cc",13284
444,Disorders Of The Biliary Tract With Mcc,13828
445,Disorders Of The Biliary Tract With Cc,18666
446,Disorders Of The Biliary Tract Without Cc/Mcc,11033
453,Combined Anterior And Posterior Spinal Fusion With Mcc,158703
454,Combined Anterior And Posterior Spinal Fusion With Cc,156035
455,Combined Anterior And Posterior Spinal Fusion Without Cc/Mcc,103622
460,Spinal Fusion Except Cervical Without Mcc,50452
461,Bilateral Or Multiple Major Joint Procedures Of Lower Extremity With Mcc,77054
462,Bilateral Or Multiple Major Joint Procedures Of Lower Extremity Without Mcc,37586
463,Wound Debridement And Skin Graft Except Hand For Musculoskeletal And Connective Tissue Disorders Wit,133683
464,Wound Debridement And Skin Graft Except Hand For Musculoskeletal And Connective Tissue Disorders Wit,65913
466,Revision Of Hip Or Knee Replacement With Mcc,50102
467,Revision Of Hip Or Knee Replacement With Cc,48005
468,Revision Of Hip Or Knee Replacement Without Cc/Mcc,37376
470,Major Hip And Knee Joint Replacement Or Reattachment Of Lower Extremity Without Mcc,27531
471,Cervical Spinal Fusion With Mcc,39835
472,Cervical Spinal Fusion With Cc,52422
473,Cervical Spinal Fusion Without Cc/Mcc,30366
474,Amputation For Musculoskeletal System And Connective Tissue Disorders With Mcc,26330
475,Amputation For Musculoskeletal System And Connective Tissue Disorders With Cc,26222
477,Biopsies Of Musculoskeletal System And Connective Tissue With Mcc,40128
479,Biopsies Of Musculoskeletal System And Connective Tissue Without Cc/Mcc,14739
480,Hip And Femur Procedures Except Major Joint With Mcc,105050
481,Hip And Femur Procedures Except Major Joint With Cc,59744
482,Hip And Femur Procedures Except Major Joint Without Cc/Mcc,27453
483,Major Joint Or Limb Reattachment Procedures Of Upper Extremities,39565
485,Knee Procedures With Principal Diagnosis Of Infection With Mcc,40734
488,Knee Procedures Without Principal Diagnosis Of Infection With Cc/Mcc,51124
492,"Lower Extremity And Humerus Procedures Except Hip, Foot And Femur With Mcc",38815
493,"Lower Extremity And Humerus Procedures Except Hip, Foot And Femur With Cc",21876
494,"Lower Extremity And Humerus Procedures Except Hip, Foot And Femur Without Cc/Mcc",22138
495,Local Excision And Removal Of Internal Fixation Devices Except Hip And Femur With Mcc,43919
498,Local Excision And Removal Of Internal Fixation Devices Of Hip And Femur With Cc/Mcc,34418
500,Soft Tissue Procedures With Mcc,24168
501,Soft Tissue Procedures With Cc,34458
502,Soft Tissue Procedures Without Cc/Mcc,14527
504,Foot Procedures With Cc,28793
505,Foot Procedures Without Cc/Mcc,25369
511,"Shoulder, Elbow Or Forearm Procedures, Except Major Joint Procedures With Cc",16335
512,"Shoulder, Elbow Or Forearm Procedures, Except Major Joint Procedures Without Cc/Mcc",23198
513,"Hand Or Wrist Procedures, Except Major Thumb Or Joint Procedures With Cc/Mcc",18636
514,"Hand Or Wrist Procedures, Except Major Thumb Or Joint Procedures Without Cc/Mcc",21955
515,Other Musculoskeletal System And Connective Tissue O.R. Procedures With Mcc,21870
516,Other Musculoskeletal System And Connective Tissue O.R. Procedures With Cc,44023
517,Other Musculoskeletal System And Connective Tissue O.R. Procedures Without Cc/Mcc,37762
518,Back And Neck Procedures Except Spinal Fusion With Mcc Or Disc Device Or Neurostimulator,42847
519,Back And Neck Procedures Except Spinal Fusion With Cc,56113
520,Back And Neck Procedures Except Spinal Fusion Without Cc/Mcc,17122
522,Hip Replacement With Principal Diagnosis Of Hip Fracture Without Mcc,47605
533,Fractures Of Femur With Mcc,11960
535,Fractures Of Hip And Pelvis With Mcc,10294
536,Fractures Of Hip And Pelvis Without Mcc,9224
539,Osteomyelitis With Mcc,23162
543,Pathological Fractures And Musculoskeletal And Connective Tissue Malignancy With Cc,12472
544,Pathological Fractures And Musculoskeletal And Connective Tissue Malignancy Without Cc/Mcc,6621
545,Connective Tissue Disorders With Mcc,29879
546,Connective Tissue Disorders With Cc,17935
547,Connective Tissue Disorders Without Cc/Mcc,5603
548,Septic Arthritis With Mcc,17432
549,Septic Arthritis With Cc,25130
551,Medical Back Problems With Mcc,26535
552,Medical Back Problems Without Mcc,18947
556,Signs And Symptoms Of Musculoskeletal System And Connective Tissue Without Mcc,6311
557,"Tendonitis, Myositis And Bursitis With Mcc",12327
558,"Tendonitis, Myositis And Bursitis Without Mcc",11166
560,"Aftercare, Musculoskeletal System And Connective Tissue With Cc",15271
561,"Aftercare, Musculoskeletal System And Connective Tissue Without Cc/Mcc",20111
562,"Fracture, Sprain, Strain And Dislocation Except Femur, Hip, Pelvis And Thigh With Mcc",12238
564,Other Musculoskeletal System And Connective Tissue Diagnoses With Mcc,11644
565,Other Musculoskeletal System And Connective Tissue Diagnoses With Cc,8703
566,Other Musculoskeletal System And Connective Tissue Diagnoses Without Cc/Mcc,10910
570,Skin Debridement With Mcc,22114
571,Skin Debridement With Cc,19518
572,Skin Debridement Without Cc/Mcc,13180
574,Skin Graft For Skin Ulcer Or Cellulitis With Cc,38809
579,"Other Skin, Subcutaneous Tissue And Breast Procedures With Mcc",41174
580,"Other Skin, Subcutaneous Tissue And Breast Procedures With Cc",33916
581,"Other Skin, Subcutaneous Tissue And Breast Procedures Without Cc/Mcc",15061
584,"Breast Biopsy, Local Excision And Other Breast Procedures With Cc/Mcc",15236
593,Skin Ulcers With Cc,13589
596,Major Skin Disorders Without Mcc,4687
600,Non-Malignant Breast Disorders With Cc/Mcc,11903
602,Cellulitis With Mcc,13925
603,Cellulitis Without Mcc,26667
604,"Trauma To The Skin, Subcutaneous Tissue And Breast With Mcc",12426
605,"Trauma To The Skin, Subcutaneous Tissue And Breast Without Mcc",27198
606,Minor Skin Disorders With Mcc,12853
607,Minor Skin Disorders Without Mcc,3477
614,Adrenal And Pituitary Procedures With Cc/Mcc,80148
616,"Amputation Of Lower Limb For Endocrine, Nutritional And Metabolic Disorders With Mcc",33025
617,"Amputation Of Lower Limb For Endocrine, Nutritional And Metabolic Disorders With Cc",57486
622,"Skin Grafts And Wound Debridement For Endocrine, Nutritional And Metabolic Disorders With Mcc",29880
623,"Skin Grafts And Wound Debridement For Endocrine, Nutritional And Metabolic Disorders With Cc",29837
628,"Other Endocrine, Nutritional And Metabolic O.R. Procedures With Mcc",31802
629,"Other Endocrine, Nutritional And Metabolic O.R. Procedures With Cc",19017
637,Diabetes With Mcc,29226
638,Diabetes With Cc,21057
639,Diabetes Without Cc/Mcc,20210
640,"Miscellaneous Disorders Of Nutrition, Metabolism, Fluids And Electrolytes With Mcc",42724
641,"Miscellaneous Disorders Of Nutrition, Metabolism, Fluids And Electrolytes Without Mcc",24417
642,Inborn And Other Disorders Of Metabolism,18755
643,Endocrine Disorders With Mcc,19883
644,Endocrine Disorders With Cc,18663
655,Major Bladder Procedures Without Cc/Mcc,17935
656,Kidney And Ureter Procedures For Neoplasm With Mcc,27390
657,Kidney And Ureter Procedures For Neoplasm With Cc,20836
658,Kidney And Ureter Procedures For Neoplasm Without Cc/Mcc,36785
659,Kidney And Ureter Procedures For Non-Neoplasm With Mcc,25618
660,Kidney And Ureter Procedures For Non-Neoplasm With Cc,29382
661,Kidney And Ureter Procedures For Non-Neoplasm Without Cc/Mcc,38850
673,Other Kidney And Urinary Tract Procedures With Mcc,40384
674,Other Kidney And Urinary Tract Procedures With Cc,28455
682,Renal Failure With Mcc,19176
683,Renal Failure With Cc,20408
684,Renal Failure Without Cc/Mcc,5336
686,Kidney And Urinary Tract Neoplasms With Mcc,22392
687,Kidney And Urinary Tract Neoplasms With Cc,9898
688,Kidney And Urinary Tract Neoplasms Without Cc/Mcc,16638
689,Kidney And Urinary Tract Infections With Mcc,13284
690,Kidney And Urinary Tract Infections Without Mcc,16518
694,Urinary Stones Without Mcc,10369
698,Other Kidney And Urinary Tract Diagnoses With Mcc,19206
699,Other Kidney And Urinary Tract Diagnoses With Cc,14199
700,Other Kidney And Urinary Tract Diagnoses Without Cc/Mcc,6540
707,Major Male Pelvic Procedures With Cc/Mcc,16368
708,Major Male Pelvic Procedures Without Cc/Mcc,32519
712,Testes Procedures Without Cc/Mcc,9955
715,Other Male Reproductive System O.R. Procedures For Malignancy With Cc/Mcc,60307
718,Other Male Reproductive System O.R. Procedures Except Malignancy Without Cc/Mcc,10269
722,"Malignancy, Male Reproductive System With Mcc",18845
727,Inflammation Of The Male Reproductive System With Mcc,12523
728,Inflammation Of The Male Reproductive System Without Mcc,30606
740,Uterine And Adnexa Procedures For Non-Ovarian And Non-Adnexal Malignancy With Cc,49861
742,Uterine And Adnexa Procedures For Non-Malignancy With Cc/Mcc,29154
743,Uterine And Adnexa Procedures For Non-Malignancy Without Cc/Mcc,34442
746,"Vagina, Cervix And Vulva Procedures With Cc/Mcc",10661
747,"Vagina, Cervix And Vulva Procedures Without Cc/Mcc",14480
748,Female Reproductive System Reconstructive Procedures,34335
749,Other Female Reproductive System O.R. Procedures With Cc/Mcc,23749
754,"Malignancy, Female Reproductive System With Mcc",41988
757,"Infections, Female Reproductive System With Mcc",18195
759,"Infections, Female Reproductive System Without Cc/Mcc",9091
761,Menstrual And Other Female Reproductive System Disorders Without Cc/Mcc,7053
768,Vaginal Delivery With O.R. Procedures Except Sterilization And/Or D&C,27747
769,Postpartum And Post Abortion Diagnoses With O.R. Procedures,26520
770,"Abortion With D&C, Aspiration Curettage Or Hysterotomy",14151
776,Postpartum And Post Abortion Diagnoses Without O.R. Procedures,23845
779,Abortion Without D&C,15371
783,Cesarean Section With Sterilization With Mcc,33144
784,Cesarean Section With Sterilization With Cc,13088
785,Cesarean Section With Sterilization Without Cc/Mcc,27548
786,Cesarean Section Without Sterilization With Mcc,35206
787,Cesarean Section Without Sterilization With Cc,31719
788,Cesarean Section Without Sterilization Without Cc/Mcc,30020
789,"Neonates, Died Or Transferred To Another Acute Care Facility",14861
790,"Extreme Immaturity Or Respiratory Distress Syndrome, Neonate",212593
791,Prematurity With Major Problems,93518
792,Prematurity Without Major Problems,8838
793,Full Term Neonate With Major Problems,23336
794,Neonate With Other Significant Problems,9158
795,Normal Newborn,5215
796,Vaginal Delivery With Sterilization And/Or D&C With Mcc,12766
797,Vaginal Delivery With Sterilization And/Or D&C With Cc,27595
798,Vaginal Delivery With Sterilization And/Or D&C Without Cc/Mcc,31437
799,Splenectomy With Mcc,47093
803,Other O.R. Procedures Of The Blood And Blood Forming Organs With Cc,16361
805,Vaginal Delivery Without Sterilization Or D&C With Mcc,25025
806,Vaginal Delivery Without Sterilization Or D&C With Cc,21161
807,Vaginal Delivery Without Sterilization Or D&C Without Cc/Mcc,20167
808,Major Hematological And Immunological Diagnoses Except Sickle Cell Crisis And Coagulation Disorders ,28969
809,Major Hematological And Immunological Diagnoses Except Sickle Cell Crisis And Coagulation Disorders ,39573
811,Red Blood Cell Disorders With Mcc,17629
812,Red Blood Cell Disorders Without Mcc,12464
813,Coagulation Disorders,25246
814,Reticuloendothelial And Immunity Disorders With Mcc,31063
815,Reticuloendothelial And Immunity Disorders With Cc,16543
817,Other Antepartum Diagnoses With O.R. Procedures With Mcc,35338
818,Other Antepartum Diagnoses With O.R. Procedures With Cc,15737
819,Other Antepartum Diagnoses With O.R. Procedures Without Cc/Mcc,6572
820,Lymphoma And Leukemia With Major O.R. Procedures With Mcc,51213
821,Lymphoma And Leukemia With Major O.R. Procedures With Cc,18429
823,Lymphoma And Non-Acute Leukemia With Other Procedures With Mcc,45571
829,Myeloproliferative Disorders Or Poorly Differentiated Neoplasms With Other Procedures With Cc/Mcc,38321
831,Other Antepartum Diagnoses Without O.R. Procedures With Mcc,13402
832,Other Antepartum Diagnoses Without O.R. Procedures With Cc,19168
833,Other Antepartum Diagnoses Without O.R. Procedures Without Cc/Mcc,8861
834,Acute Leukemia Without Major O.R. Procedures With Mcc,207589
836,Acute Leukemia Without Major O.R. Procedures Without Cc/Mcc,9478
837,Chemotherapy With Acute Leukemia As Secondary Diagnosis Or With High Dose Chemotherapy Agent With Mc,70374
838,Chemotherapy With Acute Leukemia As Secondary Diagnosis With Cc Or High Dose Chemotherapy Agent,52617
839,Chemotherapy With Acute Leukemia As Secondary Diagnosis Without Cc/Mcc,14679
840,Lymphoma And Non-Acute Leukemia With Mcc,126873
841,Lymphoma And Non-Acute Leukemia With Cc,8348
842,Lymphoma And Non-Acute Leukemia Without Cc/Mcc,12393
843,Other Myeloproliferative Disorders Or Poorly Differentiated Neoplastic Diagnoses With Mcc,51508
847,Chemotherapy Without Acute Leukemia As Secondary Diagnosis With Cc,37046
853,Infectious And Parasitic Diseases With O.R. Procedures With Mcc,100413
854,Infectious And Parasitic Diseases With O.R. Procedures With Cc,43185
856,Postoperative Or Post-Traumatic Infections With O.R. Procedures With Mcc,63236
857,Postoperative Or Post-Traumatic Infections With O.R. Procedures With Cc,29790
862,Postoperative And Post-Traumatic Infections With Mcc,51031
863,Postoperative And Post-Traumatic Infections Without Mcc,27502
864,Fever And Inflammatory Conditions,7429
866,Viral Illness Without Mcc,28050
867,Other Infectious And Parasitic Diseases Diagnoses With Mcc,26651
870,Septicemia Or Severe Sepsis With Mv >96 Hours,261103
871,Septicemia Or Severe Sepsis Without Mv >96 Hours With Mcc,39235
872,Septicemia Or Severe Sepsis Without Mv >96 Hours Without Mcc,25663
880,Acute Adjustment Reaction And Psychosocial Dysfunction,11727
881,Depressive Neuroses,5440
883,Disorders Of Personality And Impulse Control,8182
884,Organic Disturbances And Intellectual Disability,17259
885,Psychoses,12467
894,"Alcohol, Drug Abuse Or Dependence, Left Ama",11745
896,"Alcohol, Drug Abuse Or Dependence Without Rehabilitation Therapy With Mcc",23476
897,"Alcohol, Drug Abuse Or Dependence Without Rehabilitation Therapy Without Mcc",18576
902,Wound Debridements For Injuries With Cc,24367
907,Other O.R. Procedures For Injuries With Mcc,47303
908,Other O.R. Procedures For Injuries With Cc,19878
909,Other O.R. Procedures For Injuries Without Cc/Mcc,41531
917,Poisoning And Toxic Effects Of Drugs With Mcc,31039
918,Poisoning And Toxic Effects Of Drugs Without Mcc,21790
919,Complications Of Treatment With Mcc,15503
920,Complications Of Treatment With Cc,28091
922,"Other Injury, Poisoning And Toxic Effect Diagnoses With Mcc",34435
941,O.R. Procedures With Diagnoses Of Other Contact With Health Services Without Cc/Mcc,16346
946,Rehabilitation Without Cc/Mcc,7276
947,Signs And Symptoms With Mcc,13358
948,Signs And Symptoms Without Mcc,15070
951,Other Factors Influencing Health Status,6931
956,"Limb Reattachment, Hip And Femur Procedures For Multiple Significant Trauma",51374
957,Other O.R. Procedures For Multiple Significant Trauma With Mcc,113598
958,Other O.R. Procedures For Multiple Significant Trauma With Cc,167639
964,Other Multiple Significant Trauma With Cc,43755
965,Other Multiple Significant Trauma Without Cc/Mcc,13645
975,Hiv With Major Related Condition With Cc,15290
981,Extensive O.R. Procedures Unrelated To Principal Diagnosis With Mcc,79306
982,Extensive O.R. Procedures Unrelated To Principal Diagnosis With Cc,30378
983,Extensive O.R. Procedures Unrelated To Principal Diagnosis Without Cc/Mcc,13042
987,Non-Extensive O.R. Procedures Unrelated To Principal Diagnosis With Mcc,26829
988,Non-Extensive O.R. Procedures Unrelated To Principal Diagnosis With Cc,20091
