Payer,APC,Description,Payer Specific Negotiated Charge
Medicare Managed Care - Aetna PPO,5012,Clinic Visits and Related Services,134
Medicare Managed Care - Aetna PPO,5024,Level 4 Type A ED Visits,650
Medicare Managed Care - Aetna PPO,5025,Level 5 Type A ED Visits,1110
Medicare Managed Care - Aetna PPO,5051,Level 1 Skin Procedures,329
Medicare Managed Care - Aetna PPO,5071,Level 1 Excision/ Biopsy/ Incision and Drainage,694
Medicare Managed Care - Aetna PPO,5072,Level 2 Excision/ Biopsy/ Incision and Drainage,1650
Medicare Managed Care - Aetna PPO,5073,Level 3 Excision/ Biopsy/ Incision and Drainage,2618
Medicare Managed Care - Aetna PPO,5114,Level 4 Musculoskeletal Procedures,7260
Medicare Managed Care - Aetna PPO,5115,Level 5 Musculoskeletal Procedures,13760
Medicare Managed Care - Aetna PPO,5163,Level 3 ENT Procedures,1494
Medicare Managed Care - Aetna PPO,5164,Level 4 ENT Procedures,3023
Medicare Managed Care - Aetna PPO,5182,Level 2 Vascular Procedures,1553
Medicare Managed Care - Aetna PPO,5183,Level 3 Vascular Procedures,3161
Medicare Managed Care - Aetna PPO,5191,Level 1 Endovascular Procedures,3262
Medicare Managed Care - Aetna PPO,5193,Level 3 Endovascular Procedures,11093
Medicare Managed Care - Aetna PPO,5301,Level 1 Upper GI Procedures,1113
Medicare Managed Care - Aetna PPO,5302,Level 2 Upper GI Procedures,1795
Medicare Managed Care - Aetna PPO,5311,Level 1 Lower GI Procedures,1407
Medicare Managed Care - Aetna PPO,5312,Level 2 Lower GI Procedures,1369
Medicare Managed Care - Aetna PPO,5374,Level 4 Urology and Related Services,3402
Medicare Managed Care - Aetna PPO,5414,Level 4 Gynecologic Procedures,2898
Medicare Managed Care - Aetna PPO,5521,Level 1 Imaging without Contrast,91
Medicare Managed Care - Aetna PPO,5522,Level 2 Imaging without Contrast,120
Medicare Managed Care - Aetna PPO,5524,Level 4 Imaging without Contrast,533
Medicare Managed Care - Aetna PPO,5573,Level 3 Imaging with Contrast,1165
Medicare Managed Care - Aetna PPO,5591,Level 1 Nuclear Medicine and Related Services,424
Medicare Managed Care - Aetna PPO,5594,Level 4 Nuclear Medicine and Related Services,1635
Medicare Managed Care - Aetna PPO,5671,Level 1 Pathology,55
Medicare Managed Care - Aetna PPO,5692,Level 2 Drug Administration,248
Medicare Managed Care - Aetna PPO,5721,Level 1 Diagnostic Tests and Related Services,154
Medicare Managed Care - Aetna PPO,5722,Level 2 Diagnostic Tests and Related Services,292
Medicare Managed Care - Aetna PPO,5733,Level 3 Minor Procedures,114
Medicare Managed Care - Aetna PPO,5734,Level 4 Minor Procedures,124
Medicare Managed Care - Aetna PPO,N700,Non-OPPS Clinic Services,76
Medicare Managed Care - Aetna PPO,N800,Clinical Diagnostic Lab Services,104
Medicare Managed Care - Aetna PPO,N801,Therapy Services,470
Medicare Managed Care - Aetna PPO,N804,Mammography Services,129
