Payer,APC,Description,Payer Specific Negotiated Charge
Medicare Managed Care - Kaiser,5023,Level 3 Type A ED Visits,412
Medicare Managed Care - Kaiser,5025,Level 5 Type A ED Visits,1143
Medicare Managed Care - Kaiser,5041,Critical Care,1430
Medicare Managed Care - Kaiser,5521,Level 1 Imaging without Contrast,88
Medicare Managed Care - Kaiser,5524,Level 4 Imaging without Contrast,518
Medicare Managed Care - Kaiser,5572,Level 2 Imaging with Contrast,993
Medicare Managed Care - Kaiser,N804,Mammography Services,133
