Payer,APC,Description,Payer Specific Negotiated Charge
Multiplan,5022,Level 2 Type A ED Visits,469
Multiplan,5023,Level 3 Type A ED Visits,1444
Multiplan,5024,Level 4 Type A ED Visits,3174
Multiplan,5025,Level 5 Type A ED Visits,4697
Multiplan,5041,Critical Care,9241
Multiplan,5051,Level 1 Skin Procedures,1340
Multiplan,5052,Level 2 Skin Procedures,2688
Multiplan,5072,Level 2 Excision/ Biopsy/ Incision and Drainage,6910
Multiplan,5115,Level 5 Musculoskeletal Procedures,49926
Multiplan,5183,Level 3 Vascular Procedures,14436
Multiplan,5191,Level 1 Endovascular Procedures,19645
Multiplan,5192,Level 2 Endovascular Procedures,22678
Multiplan,5213,Level 3 Electrophysiologic Procedures,42824
Multiplan,5301,Level 1 Upper GI Procedures,5419
Multiplan,5302,Level 2 Upper GI Procedures,8264
Multiplan,5312,Level 2 Lower GI Procedures,7765
Multiplan,5361,Level 1 Laparoscopy and Related Services,19027
Multiplan,5414,Level 4 Gynecologic Procedures,9345
Multiplan,5522,Level 2 Imaging without Contrast,837
Multiplan,5524,Level 4 Imaging without Contrast,2409
Multiplan,5573,Level 3 Imaging with Contrast,4982
Multiplan,5591,Level 1 Nuclear Medicine and Related Services,1763
Multiplan,5592,Level 2 Nuclear Medicine and Related Services,1883
Multiplan,5594,Level 4 Nuclear Medicine and Related Services,6486
Multiplan,5693,Level 3 Drug Administration,2075
Multiplan,5733,Level 3 Minor Procedures,266
Multiplan,5734,Level 4 Minor Procedures,688
Multiplan,N800,Clinical Diagnostic Lab Services,135
Multiplan,N801,Therapy Services,335
Multiplan,N804,Mammography Services,351
