Payer,APC,Description,Payer Specific Negotiated Charge
Asuris,5021,Level 1 Type A ED Visits,276
Asuris,5022,Level 2 Type A ED Visits,459
Asuris,5023,Level 3 Type A ED Visits,1292
Asuris,5024,Level 4 Type A ED Visits,2821
Asuris,5025,Level 5 Type A ED Visits,5495
Asuris,5051,Level 1 Skin Procedures,1235
Asuris,5052,Level 2 Skin Procedures,2787
Asuris,5071,Level 1 Excision/ Biopsy/ Incision and Drainage,2853
Asuris,5072,Level 2 Excision/ Biopsy/ Incision and Drainage,6464
Asuris,5112,Level 2 Musculoskeletal Procedures,5657
Asuris,5113,Level 3 Musculoskeletal Procedures,8428
Asuris,5115,Level 5 Musculoskeletal Procedures,47170
Asuris,5154,Level 4 Airway Endoscopy,15769
Asuris,5164,Level 4 ENT Procedures,9881
Asuris,5183,Level 3 Vascular Procedures,11609
Asuris,5191,Level 1 Endovascular Procedures,19156
Asuris,5213,Level 3 Electrophysiologic Procedures,62781
Asuris,5223,Level 3 Pacemaker and Similar Procedures,31910
Asuris,5241,Level 1 Blood Product Exchange and Related Services,3199
Asuris,5301,Level 1 Upper GI Procedures,4357
Asuris,5302,Level 2 Upper GI Procedures,6777
Asuris,5311,Level 1 Lower GI Procedures,5349
Asuris,5312,Level 2 Lower GI Procedures,5829
Asuris,5341,Abdominal/Peritoneal/Biliary and Related Procedures,13737
Asuris,5361,Level 1 Laparoscopy and Related Services,23363
Asuris,5362,Level 2 Laparoscopy and Related Services,34499
Asuris,5371,Level 1 Urology and Related Services,2606
Asuris,5374,Level 4 Urology and Related Services,14990
Asuris,5414,Level 4 Gynecologic Procedures,10315
Asuris,5442,Level 2 Nerve Injections,2668
Asuris,5522,Level 2 Imaging without Contrast,861
Asuris,5524,Level 4 Imaging without Contrast,2334
Asuris,5573,Level 3 Imaging with Contrast,4825
Asuris,5591,Level 1 Nuclear Medicine and Related Services,1749
Asuris,5592,Level 2 Nuclear Medicine and Related Services,2498
Asuris,5593,Level 3 Nuclear Medicine and Related Services,6982
Asuris,5594,Level 4 Nuclear Medicine and Related Services,6282
Asuris,5673,Level 3 Pathology,850
Asuris,5692,Level 2 Drug Administration,704
Asuris,5721,Level 1 Diagnostic Tests and Related Services,523
Asuris,5733,Level 3 Minor Procedures,258
Asuris,5734,Level 4 Minor Procedures,721
Asuris,5771,Cardiac Rehabilitation,1931
Asuris,N800,Clinical Diagnostic Lab Services,131
Asuris,N801,Therapy Services,361
Asuris,N804,Mammography Services,340
