Payer,APC,Description,Payer Specific Negotiated Charge
UHC - ACO,5023,Level 3 Type A ED Visits,1129
UHC - ACO,5024,Level 4 Type A ED Visits,2915
UHC - ACO,5025,Level 5 Type A ED Visits,4807
UHC - ACO,5164,Level 4 ENT Procedures,12695
UHC - ACO,5182,Level 2 Vascular Procedures,3067
UHC - ACO,5362,Level 2 Laparoscopy and Related Services,34453
UHC - ACO,5521,Level 1 Imaging without Contrast,442
UHC - ACO,5522,Level 2 Imaging without Contrast,686
UHC - ACO,5523,Level 3 Imaging without Contrast,1434
UHC - ACO,5573,Level 3 Imaging with Contrast,4143
UHC - ACO,5693,Level 3 Drug Administration,1252
UHC - ACO,N800,Clinical Diagnostic Lab Services,113
UHC - ACO,N801,Therapy Services,310
UHC - ACO,N804,Mammography Services,295
