Payer,APC,Description,Payer Specific Negotiated Charge
Medicaid Managed Care - Coorindated Care,5061,Hyperbaric Oxygen,3366
Medicaid Managed Care - Coorindated Care,5073,Level 3 Excision/ Biopsy/ Incision and Drainage,1743
Medicaid Managed Care - Coorindated Care,5092,Level 2 Breast/Lymphatic Surgery and Related Procedures,3400
Medicaid Managed Care - Coorindated Care,5113,Level 3 Musculoskeletal Procedures,2410
Medicaid Managed Care - Coorindated Care,5116,Level 6 Musculoskeletal Procedures,7932
Medicaid Managed Care - Coorindated Care,5154,Level 4 Airway Endoscopy,2185
Medicaid Managed Care - Coorindated Care,5163,Level 3 ENT Procedures,1251
Medicaid Managed Care - Coorindated Care,5313,Level 3 Lower GI Procedures,2429
Medicaid Managed Care - Coorindated Care,5401,Dialysis,1340
Medicaid Managed Care - Coorindated Care,5415,Level 5 Gynecologic Procedures,2518
Medicaid Managed Care - Coorindated Care,5523,Level 3 Imaging without Contrast,330
Medicaid Managed Care - Coorindated Care,5572,Level 2 Imaging with Contrast,733
Medicaid Managed Care - Coorindated Care,5593,Level 3 Nuclear Medicine and Related Services,2048
Medicaid Managed Care - Coorindated Care,5661,Therapeutic Nuclear Medicine,1210
Medicaid Managed Care - Coorindated Care,5693,Level 3 Drug Administration,433
Medicaid Managed Care - Coorindated Care,5694,Level 4 Drug Administration,5693
Medicaid Managed Care - Coorindated Care,N902,Packaged Services,281
