Payer,APC,Description,Payer Specific Negotiated Charge
Medicaid Managed Care - CHPW,5041,Critical Care,1503
Medicaid Managed Care - CHPW,5054,Level 4 Skin Procedures,1534
Medicaid Managed Care - CHPW,5061,Hyperbaric Oxygen,1728
Medicaid Managed Care - CHPW,5092,Level 2 Breast/Lymphatic Surgery and Related Procedures,4324
Medicaid Managed Care - CHPW,5153,Level 3 Airway Endoscopy,1354
Medicaid Managed Care - CHPW,5194,Level 4 Endovascular Procedures,7930
Medicaid Managed Care - CHPW,5411,Level 1 Gynecologic Procedures,174
Medicaid Managed Care - CHPW,5415,Level 5 Gynecologic Procedures,2657
Medicaid Managed Care - CHPW,5416,Level 6 Gynecologic Procedures,3693
Medicaid Managed Care - CHPW,5523,Level 3 Imaging without Contrast,339
Medicaid Managed Care - CHPW,5571,Level 1 Imaging with Contrast,193
Medicaid Managed Care - CHPW,5572,Level 2 Imaging with Contrast,761
Medicaid Managed Care - CHPW,5593,Level 3 Nuclear Medicine and Related Services,1307
Medicaid Managed Care - CHPW,5674,Level 4 Pathology,816
Medicaid Managed Care - CHPW,5694,Level 4 Drug Administration,2730
Medicaid Managed Care - CHPW,5722,Level 2 Diagnostic Tests and Related Services,197
Medicaid Managed Care - CHPW,5723,Level 3 Diagnostic Tests and Related Services,994
Medicaid Managed Care - CHPW,5871,Dental Procedures,1580
Medicaid Managed Care - CHPW,N902,Packaged Services,288
