Payer,APC,Description,Payer Specific Negotiated Charge
Medicare Managed Care - Aetna HMO,5012,Clinic Visits and Related Services,169
Medicare Managed Care - Aetna HMO,5024,Level 4 Type A ED Visits,621
Medicare Managed Care - Aetna HMO,5025,Level 5 Type A ED Visits,1798
Medicare Managed Care - Aetna HMO,5052,Level 2 Skin Procedures,919
Medicare Managed Care - Aetna HMO,5073,Level 3 Excision/ Biopsy/ Incision and Drainage,2593
Medicare Managed Care - Aetna HMO,5241,Level 1 Blood Product Exchange and Related Services,1656
Medicare Managed Care - Aetna HMO,5521,Level 1 Imaging without Contrast,149
Medicare Managed Care - Aetna HMO,5522,Level 2 Imaging without Contrast,119
Medicare Managed Care - Aetna HMO,5524,Level 4 Imaging without Contrast,528
Medicare Managed Care - Aetna HMO,5722,Level 2 Diagnostic Tests and Related Services,289
Medicare Managed Care - Aetna HMO,N700,Non-OPPS Clinic Services,76
Medicare Managed Care - Aetna HMO,N804,Mammography Services,127
