Payer,APC,Description,Payer Specific Negotiated Charge
Medicare Managed Care - Humana,1506,New Technology - Level 6 ($401 - $500),507
Medicare Managed Care - Humana,5012,Clinic Visits and Related Services,134
Medicare Managed Care - Humana,5024,Level 4 Type A ED Visits,652
Medicare Managed Care - Humana,5025,Level 5 Type A ED Visits,1018
Medicare Managed Care - Humana,5041,Critical Care,1679
Medicare Managed Care - Humana,5051,Level 1 Skin Procedures,336
Medicare Managed Care - Humana,5052,Level 2 Skin Procedures,779
Medicare Managed Care - Humana,5071,Level 1 Excision/ Biopsy/ Incision and Drainage,707
Medicare Managed Care - Humana,5072,Level 2 Excision/ Biopsy/ Incision and Drainage,1648
Medicare Managed Care - Humana,5073,Level 3 Excision/ Biopsy/ Incision and Drainage,2668
Medicare Managed Care - Humana,5091,Level 1 Breast/Lymphatic Surgery and Related Procedures,6230
Medicare Managed Care - Humana,5092,Level 2 Breast/Lymphatic Surgery and Related Procedures,6230
Medicare Managed Care - Humana,5112,Level 2 Musculoskeletal Procedures,1568
Medicare Managed Care - Humana,5113,Level 3 Musculoskeletal Procedures,3217
Medicare Managed Care - Humana,5114,Level 4 Musculoskeletal Procedures,7053
Medicare Managed Care - Humana,5115,Level 5 Musculoskeletal Procedures,14077
Medicare Managed Care - Humana,5151,Level 1 Airway Endoscopy,319
Medicare Managed Care - Humana,5154,Level 4 Airway Endoscopy,3488
Medicare Managed Care - Humana,5155,Level 5 Airway Endoscopy,6677
Medicare Managed Care - Humana,5163,Level 3 ENT Procedures,1523
Medicare Managed Care - Humana,5164,Level 4 ENT Procedures,3081
Medicare Managed Care - Humana,5181,Level 1 Vascular Procedures,713
Medicare Managed Care - Humana,5182,Level 2 Vascular Procedures,1583
Medicare Managed Care - Humana,5183,Level 3 Vascular Procedures,3222
Medicare Managed Care - Humana,5184,Level 4 Vascular Procedures,5468
Medicare Managed Care - Humana,5191,Level 1 Endovascular Procedures,3264
Medicare Managed Care - Humana,5192,Level 2 Endovascular Procedures,5581
Medicare Managed Care - Humana,5193,Level 3 Endovascular Procedures,11307
Medicare Managed Care - Humana,5194,Level 4 Endovascular Procedures,18085
Medicare Managed Care - Humana,5213,Level 3 Electrophysiologic Procedures,24165
Medicare Managed Care - Humana,5223,Level 3 Pacemaker and Similar Procedures,11709
Medicare Managed Care - Humana,5224,Level 4 Pacemaker and Similar Procedures,20953
Medicare Managed Care - Humana,5232,Level 2 ICD and Similar Procedures,37317
Medicare Managed Care - Humana,5241,Level 1 Blood Product Exchange and Related Services,1388
Medicare Managed Care - Humana,5302,Level 2 Upper GI Procedures,1862
Medicare Managed Care - Humana,5303,Level 3 Upper GI Procedures,3468
Medicare Managed Care - Humana,5311,Level 1 Lower GI Procedures,894
Medicare Managed Care - Humana,5312,Level 2 Lower GI Procedures,1167
Medicare Managed Care - Humana,5313,Level 3 Lower GI Procedures,2751
Medicare Managed Care - Humana,5341,Abdominal/Peritoneal/Biliary and Related Procedures,3584
Medicare Managed Care - Humana,5361,Level 1 Laparoscopy and Related Services,5697
Medicare Managed Care - Humana,5362,Level 2 Laparoscopy and Related Services,10028
Medicare Managed Care - Humana,5372,Level 2 Urology and Related Services,781
Medicare Managed Care - Humana,5373,Level 3 Urology and Related Services,2019
Medicare Managed Care - Humana,5374,Level 4 Urology and Related Services,3463
Medicare Managed Care - Humana,5375,Level 5 Urology and Related Services,4969
Medicare Managed Care - Humana,5378,Level 8 Urology and Related Services,20556
Medicare Managed Care - Humana,5401,Dialysis,2519
Medicare Managed Care - Humana,5413,Level 3 Gynecologic Procedures,713
Medicare Managed Care - Humana,5414,Level 4 Gynecologic Procedures,2953
Medicare Managed Care - Humana,5415,Level 5 Gynecologic Procedures,4964
Medicare Managed Care - Humana,5416,Level 6 Gynecologic Procedures,7649
Medicare Managed Care - Humana,5442,Level 2 Nerve Injections,1129
Medicare Managed Care - Humana,5461,Level 1 Neurostimulator and Related Procedures,3687
Medicare Managed Care - Humana,5464,Level 4 Neurostimulator and Related Procedures,23057
Medicare Managed Care - Humana,5465,Level 5 Neurostimulator and Related Procedures,33451
Medicare Managed Care - Humana,5521,Level 1 Imaging without Contrast,91
Medicare Managed Care - Humana,5522,Level 2 Imaging without Contrast,123
Medicare Managed Care - Humana,5524,Level 4 Imaging without Contrast,544
Medicare Managed Care - Humana,5573,Level 3 Imaging with Contrast,1898
Medicare Managed Care - Humana,5591,Level 1 Nuclear Medicine and Related Services,432
Medicare Managed Care - Humana,5592,Level 2 Nuclear Medicine and Related Services,551
Medicare Managed Care - Humana,5593,Level 3 Nuclear Medicine and Related Services,2014
Medicare Managed Care - Humana,5594,Level 4 Nuclear Medicine and Related Services,1667
Medicare Managed Care - Humana,5671,Level 1 Pathology,56
Medicare Managed Care - Humana,5673,Level 3 Pathology,328
Medicare Managed Care - Humana,5692,Level 2 Drug Administration,622
Medicare Managed Care - Humana,5693,Level 3 Drug Administration,854
Medicare Managed Care - Humana,5721,Level 1 Diagnostic Tests and Related Services,159
Medicare Managed Care - Humana,5722,Level 2 Diagnostic Tests and Related Services,298
Medicare Managed Care - Humana,5734,Level 4 Minor Procedures,177
Medicare Managed Care - Humana,5743,Level 3 Electronic Analysis of Devices,566
Medicare Managed Care - Humana,5771,Cardiac Rehabilitation,658
Medicare Managed Care - Humana,N800,Clinical Diagnostic Lab Services,106
Medicare Managed Care - Humana,N801,Therapy Services,209
Medicare Managed Care - Humana,N804,Mammography Services,131
