Payer,APC,Description,Payer Specific Negotiated Charge
Aetna,5021,Level 1 Type A ED Visits,271
Aetna,5023,Level 3 Type A ED Visits,1177
Aetna,5024,Level 4 Type A ED Visits,2803
Aetna,5025,Level 5 Type A ED Visits,5279
Aetna,5051,Level 1 Skin Procedures,1180
Aetna,5052,Level 2 Skin Procedures,2768
Aetna,5071,Level 1 Excision/ Biopsy/ Incision and Drainage,2603
Aetna,5072,Level 2 Excision/ Biopsy/ Incision and Drainage,6501
Aetna,5073,Level 3 Excision/ Biopsy/ Incision and Drainage,9345
Aetna,5112,Level 2 Musculoskeletal Procedures,4324
Aetna,5113,Level 3 Musculoskeletal Procedures,15378
Aetna,5115,Level 5 Musculoskeletal Procedures,45191
Aetna,5164,Level 4 ENT Procedures,10517
Aetna,5165,Level 5 ENT Procedures,18017
Aetna,5181,Level 1 Vascular Procedures,2370
Aetna,5182,Level 2 Vascular Procedures,2819
Aetna,5183,Level 3 Vascular Procedures,12324
Aetna,5184,Level 4 Vascular Procedures,17815
Aetna,5191,Level 1 Endovascular Procedures,19098
Aetna,5192,Level 2 Endovascular Procedures,19602
Aetna,5223,Level 3 Pacemaker and Similar Procedures,32335
Aetna,5241,Level 1 Blood Product Exchange and Related Services,4517
Aetna,5301,Level 1 Upper GI Procedures,6563
Aetna,5302,Level 2 Upper GI Procedures,7443
Aetna,5311,Level 1 Lower GI Procedures,5201
Aetna,5312,Level 2 Lower GI Procedures,6188
Aetna,5341,Abdominal/Peritoneal/Biliary and Related Procedures,11729
Aetna,5361,Level 1 Laparoscopy and Related Services,23969
Aetna,5371,Level 1 Urology and Related Services,1394
Aetna,5374,Level 4 Urology and Related Services,15547
Aetna,5414,Level 4 Gynecologic Procedures,12467
Aetna,5415,Level 5 Gynecologic Procedures,20728
Aetna,5441,Level 1 Nerve Injections,1722
Aetna,5442,Level 2 Nerve Injections,5353
Aetna,5443,Level 3 Nerve Injections,5414
Aetna,5465,Level 5 Neurostimulator and Related Procedures,58790
Aetna,5522,Level 2 Imaging without Contrast,802
Aetna,5524,Level 4 Imaging without Contrast,2296
Aetna,5573,Level 3 Imaging with Contrast,4748
Aetna,5591,Level 1 Nuclear Medicine and Related Services,1745
Aetna,5592,Level 2 Nuclear Medicine and Related Services,1802
Aetna,5594,Level 4 Nuclear Medicine and Related Services,6180
Aetna,5672,Level 2 Pathology,1229
Aetna,5673,Level 3 Pathology,1734
Aetna,5692,Level 2 Drug Administration,1202
Aetna,5694,Level 4 Drug Administration,10241
Aetna,5721,Level 1 Diagnostic Tests and Related Services,515
Aetna,5733,Level 3 Minor Procedures,254
Aetna,5734,Level 4 Minor Procedures,747
Aetna,5771,Cardiac Rehabilitation,1583
Aetna,5781,Resuscitation and Cardioversion,2963
Aetna,5791,Pulmonary Treatment,648
Aetna,N700,Non-OPPS Clinic Services,338
Aetna,N800,Clinical Diagnostic Lab Services,129
Aetna,N801,Therapy Services,414
Aetna,N804,Mammography Services,334
