Payer,APC,Description,Payer Specific Negotiated Charge
UHC,1506,New Technology - Level 6 ($401 - $500),2285
UHC,5021,Level 1 Type A ED Visits,266
UHC,5022,Level 2 Type A ED Visits,438
UHC,5023,Level 3 Type A ED Visits,1222
UHC,5024,Level 4 Type A ED Visits,2829
UHC,5025,Level 5 Type A ED Visits,5221
UHC,5041,Critical Care,8395
UHC,5045,Trauma Response with Critical Care,28946
UHC,5051,Level 1 Skin Procedures,1102
UHC,5052,Level 2 Skin Procedures,2173
UHC,5053,Level 3 Skin Procedures,1968
UHC,5071,Level 1 Excision/ Biopsy/ Incision and Drainage,2709
UHC,5072,Level 2 Excision/ Biopsy/ Incision and Drainage,6377
UHC,5091,Level 1 Breast/Lymphatic Surgery and Related Procedures,17277
UHC,5112,Level 2 Musculoskeletal Procedures,5428
UHC,5114,Level 4 Musculoskeletal Procedures,28037
UHC,5115,Level 5 Musculoskeletal Procedures,42700
UHC,5116,Level 6 Musculoskeletal Procedures,38201
UHC,5153,Level 3 Airway Endoscopy,9600
UHC,5154,Level 4 Airway Endoscopy,11634
UHC,5163,Level 3 ENT Procedures,6767
UHC,5164,Level 4 ENT Procedures,9173
UHC,5181,Level 1 Vascular Procedures,3435
UHC,5182,Level 2 Vascular Procedures,3087
UHC,5183,Level 3 Vascular Procedures,10439
UHC,5184,Level 4 Vascular Procedures,11525
UHC,5191,Level 1 Endovascular Procedures,18507
UHC,5193,Level 3 Endovascular Procedures,40536
UHC,5213,Level 3 Electrophysiologic Procedures,47205
UHC,5223,Level 3 Pacemaker and Similar Procedures,30198
UHC,5241,Level 1 Blood Product Exchange and Related Services,3704
UHC,5301,Level 1 Upper GI Procedures,6288
UHC,5302,Level 2 Upper GI Procedures,6243
UHC,5311,Level 1 Lower GI Procedures,5173
UHC,5312,Level 2 Lower GI Procedures,6618
UHC,5313,Level 3 Lower GI Procedures,13944
UHC,5341,Abdominal/Peritoneal/Biliary and Related Procedures,12020
UHC,5361,Level 1 Laparoscopy and Related Services,20616
UHC,5374,Level 4 Urology and Related Services,17102
UHC,5375,Level 5 Urology and Related Services,15816
UHC,5411,Level 1 Gynecologic Procedures,1203
UHC,5414,Level 4 Gynecologic Procedures,9735
UHC,5431,Level 1 Nerve Procedures,5127
UHC,5441,Level 1 Nerve Injections,1635
UHC,5443,Level 3 Nerve Injections,5351
UHC,5461,Level 1 Neurostimulator and Related Procedures,12583
UHC,5524,Level 4 Imaging without Contrast,2252
UHC,5573,Level 3 Imaging with Contrast,4615
UHC,5591,Level 1 Nuclear Medicine and Related Services,1700
UHC,5592,Level 2 Nuclear Medicine and Related Services,1939
UHC,5593,Level 3 Nuclear Medicine and Related Services,7405
UHC,5672,Level 2 Pathology,681
UHC,5692,Level 2 Drug Administration,499
UHC,5693,Level 3 Drug Administration,1167
UHC,5721,Level 1 Diagnostic Tests and Related Services,505
UHC,5733,Level 3 Minor Procedures,249
UHC,5735,Level 5 Minor Procedures,1749
UHC,5771,Cardiac Rehabilitation,1864
UHC,5781,Resuscitation and Cardioversion,2859
UHC,N800,Clinical Diagnostic Lab Services,126
UHC,N801,Therapy Services,475
UHC,N804,Mammography Services,328
