Payer,APC,Description,Payer Specific Negotiated Charge
Premera,1506,New Technology - Level 6 ($401 - $500),1674
Premera,5021,Level 1 Type A ED Visits,169
Premera,5022,Level 2 Type A ED Visits,310
Premera,5023,Level 3 Type A ED Visits,735
Premera,5024,Level 4 Type A ED Visits,1627
Premera,5025,Level 5 Type A ED Visits,2553
Premera,5041,Critical Care,4543
Premera,5045,Trauma Response with Critical Care,7718
Premera,5051,Level 1 Skin Procedures,734
Premera,5052,Level 2 Skin Procedures,1550
Premera,5053,Level 3 Skin Procedures,1138
Premera,5054,Level 4 Skin Procedures,7081
Premera,5061,Hyperbaric Oxygen,13394
Premera,5071,Level 1 Excision/ Biopsy/ Incision and Drainage,2067
Premera,5072,Level 2 Excision/ Biopsy/ Incision and Drainage,3583
Premera,5101,Level 1 Strapping and Cast Application,635
Premera,5111,Level 1 Musculoskeletal Procedures,692
Premera,5112,Level 2 Musculoskeletal Procedures,4973
Premera,5153,Level 3 Airway Endoscopy,2552
Premera,5154,Level 4 Airway Endoscopy,3614
Premera,5161,Level 1 ENT Procedures,1342
Premera,5162,Level 2 ENT Procedures,1969
Premera,5163,Level 3 ENT Procedures,2686
Premera,5181,Level 1 Vascular Procedures,1723
Premera,5183,Level 3 Vascular Procedures,6721
Premera,5191,Level 1 Endovascular Procedures,7086
Premera,5192,Level 2 Endovascular Procedures,19023
Premera,5193,Level 3 Endovascular Procedures,31332
Premera,5194,Level 4 Endovascular Procedures,39582
Premera,5212,Level 2 Electrophysiologic Procedures,9874
Premera,5213,Level 3 Electrophysiologic Procedures,49869
Premera,5222,Level 2 Pacemaker and Similar Procedures,18749
Premera,5223,Level 3 Pacemaker and Similar Procedures,25144
Premera,5231,Level 1 ICD and Similar Procedures,55270
Premera,5232,Level 2 ICD and Similar Procedures,78673
Premera,5241,Level 1 Blood Product Exchange and Related Services,3157
Premera,5371,Level 1 Urology and Related Services,1074
Premera,5401,Dialysis,7785
Premera,5411,Level 1 Gynecologic Procedures,540
Premera,5412,Level 2 Gynecologic Procedures,967
Premera,5441,Level 1 Nerve Injections,635
Premera,5442,Level 2 Nerve Injections,2251
Premera,5443,Level 3 Nerve Injections,1969
Premera,5521,Level 1 Imaging without Contrast,194
Premera,5522,Level 2 Imaging without Contrast,272
Premera,5524,Level 4 Imaging without Contrast,1168
Premera,5571,Level 1 Imaging with Contrast,442
Premera,5573,Level 3 Imaging with Contrast,1651
Premera,5591,Level 1 Nuclear Medicine and Related Services,893
Premera,5592,Level 2 Nuclear Medicine and Related Services,1145
Premera,5593,Level 3 Nuclear Medicine and Related Services,3699
Premera,5594,Level 4 Nuclear Medicine and Related Services,3520
Premera,5661,Therapeutic Nuclear Medicine,3977
Premera,5672,Level 2 Pathology,1129
Premera,5673,Level 3 Pathology,1740
Premera,5692,Level 2 Drug Administration,898
Premera,5693,Level 3 Drug Administration,1980
Premera,5694,Level 4 Drug Administration,3765
Premera,5721,Level 1 Diagnostic Tests and Related Services,336
Premera,5722,Level 2 Diagnostic Tests and Related Services,1228
Premera,5723,Level 3 Diagnostic Tests and Related Services,1178
Premera,5732,Level 2 Minor Procedures,162
Premera,5733,Level 3 Minor Procedures,133
Premera,5734,Level 4 Minor Procedures,713
Premera,5735,Level 5 Minor Procedures,1423
Premera,5743,Level 3 Electronic Analysis of Devices,657
Premera,5771,Cardiac Rehabilitation,1601
Premera,5791,Pulmonary Treatment,396
Premera,N800,Clinical Diagnostic Lab Services,107
