APC,Description,De-Identified Minimum Negotiated Charge
1506,New Technology - Level 6 ($401 - $500),502
5012,Clinic Visits and Related Services,134
5021,Level 1 Type A ED Visits,97
5022,Level 2 Type A ED Visits,160
5023,Level 3 Type A ED Visits,379
5024,Level 4 Type A ED Visits,621
5025,Level 5 Type A ED Visits,944
5041,Critical Care,1430
5045,Trauma Response with Critical Care,4775
5051,Level 1 Skin Procedures,329
5052,Level 2 Skin Procedures,779
5053,Level 3 Skin Procedures,1138
5054,Level 4 Skin Procedures,1534
5055,Level 5 Skin Procedures,2796
5061,Hyperbaric Oxygen,1728
5071,Level 1 Excision/ Biopsy/ Incision and Drainage,687
5072,Level 2 Excision/ Biopsy/ Incision and Drainage,1583
5073,Level 3 Excision/ Biopsy/ Incision and Drainage,1619
5091,Level 1 Breast/Lymphatic Surgery and Related Procedures,2954
5092,Level 2 Breast/Lymphatic Surgery and Related Procedures,3400
5093,Level 3 Breast/Lymphatic Surgery and Related Procedures,9948
5101,Level 1 Strapping and Cast Application,310
5111,Level 1 Musculoskeletal Procedures,692
5112,Level 2 Musculoskeletal Procedures,1553
5113,Level 3 Musculoskeletal Procedures,2410
5114,Level 4 Musculoskeletal Procedures,6920
5115,Level 5 Musculoskeletal Procedures,13760
5116,Level 6 Musculoskeletal Procedures,7932
5151,Level 1 Airway Endoscopy,319
5153,Level 3 Airway Endoscopy,1354
5154,Level 4 Airway Endoscopy,2012
5155,Level 5 Airway Endoscopy,3732
5161,Level 1 ENT Procedures,1342
5162,Level 2 ENT Procedures,1969
5163,Level 3 ENT Procedures,1251
5164,Level 4 ENT Procedures,3023
5165,Level 5 ENT Procedures,3774
5181,Level 1 Vascular Procedures,598
5182,Level 2 Vascular Procedures,1003
5183,Level 3 Vascular Procedures,3161
5184,Level 4 Vascular Procedures,5269
5191,Level 1 Endovascular Procedures,3232
5192,Level 2 Endovascular Procedures,3585
5193,Level 3 Endovascular Procedures,11093
5194,Level 4 Endovascular Procedures,7930
5212,Level 2 Electrophysiologic Procedures,9874
5213,Level 3 Electrophysiologic Procedures,14647
5222,Level 2 Pacemaker and Similar Procedures,18749
5223,Level 3 Pacemaker and Similar Procedures,11488
5224,Level 4 Pacemaker and Similar Procedures,20953
5231,Level 1 ICD and Similar Procedures,25694
5232,Level 2 ICD and Similar Procedures,28779
5241,Level 1 Blood Product Exchange and Related Services,1388
5301,Level 1 Upper GI Procedures,1113
5302,Level 2 Upper GI Procedures,1795
5303,Level 3 Upper GI Procedures,3436
5311,Level 1 Lower GI Procedures,877
5312,Level 2 Lower GI Procedures,1156
5313,Level 3 Lower GI Procedures,2429
5331,Complex GI Procedures,9088
5341,Abdominal/Peritoneal/Biliary and Related Procedures,3217
5361,Level 1 Laparoscopy and Related Services,5643
5362,Level 2 Laparoscopy and Related Services,9934
5371,Level 1 Urology and Related Services,555
5372,Level 2 Urology and Related Services,781
5373,Level 3 Urology and Related Services,2000
5374,Level 4 Urology and Related Services,3402
5375,Level 5 Urology and Related Services,2662
5376,Level 6 Urology and Related Services,24857
5378,Level 8 Urology and Related Services,20362
5401,Dialysis,1340
5411,Level 1 Gynecologic Procedures,174
5412,Level 2 Gynecologic Procedures,461
5413,Level 3 Gynecologic Procedures,713
5414,Level 4 Gynecologic Procedures,2898
5415,Level 5 Gynecologic Procedures,2476
5416,Level 6 Gynecologic Procedures,3693
5431,Level 1 Nerve Procedures,1957
5441,Level 1 Nerve Injections,413
5442,Level 2 Nerve Injections,1085
5443,Level 3 Nerve Injections,1969
5461,Level 1 Neurostimulator and Related Procedures,3653
5464,Level 4 Neurostimulator and Related Procedures,23048
5465,Level 5 Neurostimulator and Related Procedures,32890
5471,Implantation of Drug Infusion Device,18813
5521,Level 1 Imaging without Contrast,60
5522,Level 2 Imaging without Contrast,119
5523,Level 3 Imaging without Contrast,330
5524,Level 4 Imaging without Contrast,518
5571,Level 1 Imaging with Contrast,193
5572,Level 2 Imaging with Contrast,733
5573,Level 3 Imaging with Contrast,910
5591,Level 1 Nuclear Medicine and Related Services,424
5592,Level 2 Nuclear Medicine and Related Services,551
5593,Level 3 Nuclear Medicine and Related Services,1307
5594,Level 4 Nuclear Medicine and Related Services,1635
5661,Therapeutic Nuclear Medicine,1210
5671,Level 1 Pathology,55
5672,Level 2 Pathology,215
5673,Level 3 Pathology,325
5674,Level 4 Pathology,816
5692,Level 2 Drug Administration,248
5693,Level 3 Drug Administration,432
5694,Level 4 Drug Administration,2407
5721,Level 1 Diagnostic Tests and Related Services,154
5722,Level 2 Diagnostic Tests and Related Services,197
5723,Level 3 Diagnostic Tests and Related Services,539
5724,Level 4 Diagnostic Tests and Related Services,3003
5732,Level 2 Minor Procedures,162
5733,Level 3 Minor Procedures,100
5734,Level 4 Minor Procedures,124
5735,Level 5 Minor Procedures,799
5741,Level 1 Electronic Analysis of Devices,171
5743,Level 3 Electronic Analysis of Devices,566
5771,Cardiac Rehabilitation,647
5781,Resuscitation and Cardioversion,778
5791,Pulmonary Treatment,396
5871,Dental Procedures,1556
N700,Non-OPPS Clinic Services,41
N800,Clinical Diagnostic Lab Services,50
N801,Therapy Services,129
N804,Mammography Services,123
N902,Packaged Services,281
