Payer,APC,Description,Payer Specific Negotiated Charge
Medicare Managed Care - Premera,5012,Clinic Visits and Related Services,177
Medicare Managed Care - Premera,5025,Level 5 Type A ED Visits,1257
Medicare Managed Care - Premera,5052,Level 2 Skin Procedures,1555
Medicare Managed Care - Premera,5071,Level 1 Excision/ Biopsy/ Incision and Drainage,687
Medicare Managed Care - Premera,5072,Level 2 Excision/ Biopsy/ Incision and Drainage,1583
Medicare Managed Care - Premera,5114,Level 4 Musculoskeletal Procedures,6920
Medicare Managed Care - Premera,5115,Level 5 Musculoskeletal Procedures,14086
Medicare Managed Care - Premera,5154,Level 4 Airway Endoscopy,3422
Medicare Managed Care - Premera,5181,Level 1 Vascular Procedures,598
Medicare Managed Care - Premera,5183,Level 3 Vascular Procedures,3161
Medicare Managed Care - Premera,5184,Level 4 Vascular Procedures,5269
Medicare Managed Care - Premera,5191,Level 1 Endovascular Procedures,3232
Medicare Managed Care - Premera,5192,Level 2 Endovascular Procedures,5475
Medicare Managed Care - Premera,5193,Level 3 Endovascular Procedures,11300
Medicare Managed Care - Premera,5223,Level 3 Pacemaker and Similar Procedures,11488
Medicare Managed Care - Premera,5301,Level 1 Upper GI Procedures,1357
Medicare Managed Care - Premera,5302,Level 2 Upper GI Procedures,1795
Medicare Managed Care - Premera,5311,Level 1 Lower GI Procedures,877
Medicare Managed Care - Premera,5313,Level 3 Lower GI Procedures,2699
Medicare Managed Care - Premera,5374,Level 4 Urology and Related Services,3459
Medicare Managed Care - Premera,5416,Level 6 Gynecologic Procedures,7505
Medicare Managed Care - Premera,5442,Level 2 Nerve Injections,1085
Medicare Managed Care - Premera,5471,Implantation of Drug Infusion Device,18813
Medicare Managed Care - Premera,5521,Level 1 Imaging without Contrast,91
Medicare Managed Care - Premera,5522,Level 2 Imaging without Contrast,121
Medicare Managed Care - Premera,5573,Level 3 Imaging with Contrast,910
Medicare Managed Care - Premera,5593,Level 3 Nuclear Medicine and Related Services,2109
Medicare Managed Care - Premera,5594,Level 4 Nuclear Medicine and Related Services,1650
Medicare Managed Care - Premera,5671,Level 1 Pathology,56
Medicare Managed Care - Premera,5721,Level 1 Diagnostic Tests and Related Services,157
Medicare Managed Care - Premera,5722,Level 2 Diagnostic Tests and Related Services,292
Medicare Managed Care - Premera,5723,Level 3 Diagnostic Tests and Related Services,539
Medicare Managed Care - Premera,5733,Level 3 Minor Procedures,100
Medicare Managed Care - Premera,5734,Level 4 Minor Procedures,199
Medicare Managed Care - Premera,N700,Non-OPPS Clinic Services,157
Medicare Managed Care - Premera,N800,Clinical Diagnostic Lab Services,104
Medicare Managed Care - Premera,N801,Therapy Services,365
Medicare Managed Care - Premera,N804,Mammography Services,129
