Payer,APC,Description,Payer Specific Negotiated Charge
Kaiser,5012,Clinic Visits and Related Services,354
Kaiser,5021,Level 1 Type A ED Visits,217
Kaiser,5022,Level 2 Type A ED Visits,393
Kaiser,5023,Level 3 Type A ED Visits,691
Kaiser,5024,Level 4 Type A ED Visits,1607
Kaiser,5025,Level 5 Type A ED Visits,2576
Kaiser,5041,Critical Care,5131
Kaiser,5052,Level 2 Skin Procedures,2100
Kaiser,5071,Level 1 Excision/ Biopsy/ Incision and Drainage,1856
Kaiser,5072,Level 2 Excision/ Biopsy/ Incision and Drainage,4458
Kaiser,5073,Level 3 Excision/ Biopsy/ Incision and Drainage,7528
Kaiser,5091,Level 1 Breast/Lymphatic Surgery and Related Procedures,13652
Kaiser,5092,Level 2 Breast/Lymphatic Surgery and Related Procedures,16816
Kaiser,5101,Level 1 Strapping and Cast Application,814
Kaiser,5112,Level 2 Musculoskeletal Procedures,4154
Kaiser,5113,Level 3 Musculoskeletal Procedures,8879
Kaiser,5114,Level 4 Musculoskeletal Procedures,20065
Kaiser,5115,Level 5 Musculoskeletal Procedures,38873
Kaiser,5116,Level 6 Musculoskeletal Procedures,46137
Kaiser,5153,Level 3 Airway Endoscopy,4464
Kaiser,5154,Level 4 Airway Endoscopy,9413
Kaiser,5161,Level 1 ENT Procedures,1689
Kaiser,5162,Level 2 ENT Procedures,2041
Kaiser,5163,Level 3 ENT Procedures,3361
Kaiser,5164,Level 4 ENT Procedures,8200
Kaiser,5165,Level 5 ENT Procedures,16548
Kaiser,5181,Level 1 Vascular Procedures,1857
Kaiser,5182,Level 2 Vascular Procedures,3355
Kaiser,5183,Level 3 Vascular Procedures,8538
Kaiser,5184,Level 4 Vascular Procedures,14415
Kaiser,5191,Level 1 Endovascular Procedures,8649
Kaiser,5192,Level 2 Endovascular Procedures,14788
Kaiser,5193,Level 3 Endovascular Procedures,29963
Kaiser,5213,Level 3 Electrophysiologic Procedures,62705
Kaiser,5222,Level 2 Pacemaker and Similar Procedures,24568
Kaiser,5223,Level 3 Pacemaker and Similar Procedures,31028
Kaiser,5224,Level 4 Pacemaker and Similar Procedures,42536
Kaiser,5232,Level 2 ICD and Similar Procedures,97973
Kaiser,5241,Level 1 Blood Product Exchange and Related Services,3833
Kaiser,5301,Level 1 Upper GI Procedures,2459
Kaiser,5302,Level 2 Upper GI Procedures,4848
Kaiser,5311,Level 1 Lower GI Procedures,2368
Kaiser,5312,Level 2 Lower GI Procedures,3094
Kaiser,5313,Level 3 Lower GI Procedures,7423
Kaiser,5341,Abdominal/Peritoneal/Biliary and Related Procedures,9498
Kaiser,5361,Level 1 Laparoscopy and Related Services,16471
Kaiser,5362,Level 2 Laparoscopy and Related Services,28143
Kaiser,5371,Level 1 Urology and Related Services,2211
Kaiser,5373,Level 3 Urology and Related Services,5349
Kaiser,5374,Level 4 Urology and Related Services,9342
Kaiser,5375,Level 5 Urology and Related Services,14670
Kaiser,5376,Level 6 Urology and Related Services,24857
Kaiser,5401,Dialysis,3248
Kaiser,5411,Level 1 Gynecologic Procedures,606
Kaiser,5412,Level 2 Gynecologic Procedures,1788
Kaiser,5414,Level 4 Gynecologic Procedures,8227
Kaiser,5415,Level 5 Gynecologic Procedures,14301
Kaiser,5416,Level 6 Gynecologic Procedures,20270
Kaiser,5431,Level 1 Nerve Procedures,5921
Kaiser,5441,Level 1 Nerve Injections,1169
Kaiser,5442,Level 2 Nerve Injections,1941
Kaiser,5461,Level 1 Neurostimulator and Related Procedures,8453
Kaiser,5464,Level 4 Neurostimulator and Related Procedures,61952
Kaiser,5465,Level 5 Neurostimulator and Related Procedures,57285
Kaiser,5521,Level 1 Imaging without Contrast,241
Kaiser,5522,Level 2 Imaging without Contrast,325
Kaiser,5523,Level 3 Imaging without Contrast,687
Kaiser,5524,Level 4 Imaging without Contrast,1441
Kaiser,5571,Level 1 Imaging with Contrast,533
Kaiser,5572,Level 2 Imaging with Contrast,1298
Kaiser,5573,Level 3 Imaging with Contrast,2134
Kaiser,5591,Level 1 Nuclear Medicine and Related Services,1125
Kaiser,5592,Level 2 Nuclear Medicine and Related Services,1460
Kaiser,5593,Level 3 Nuclear Medicine and Related Services,5735
Kaiser,5594,Level 4 Nuclear Medicine and Related Services,4417
Kaiser,5671,Level 1 Pathology,148
Kaiser,5672,Level 2 Pathology,453
Kaiser,5673,Level 3 Pathology,1316
Kaiser,5692,Level 2 Drug Administration,1450
Kaiser,5693,Level 3 Drug Administration,1243
Kaiser,5694,Level 4 Drug Administration,14290
Kaiser,5721,Level 1 Diagnostic Tests and Related Services,416
Kaiser,5722,Level 2 Diagnostic Tests and Related Services,789
Kaiser,5733,Level 3 Minor Procedures,166
Kaiser,5734,Level 4 Minor Procedures,379
Kaiser,5781,Resuscitation and Cardioversion,1922
Kaiser,N800,Clinical Diagnostic Lab Services,153
Kaiser,N801,Therapy Services,430
Kaiser,N804,Mammography Services,348
Kaiser,N902,Packaged Services,570
