Payer,APC,Description,Payer Specific Negotiated Charge
Medicaid Managed Care - MODA,1506,New Technology - Level 6 ($401 - $500),1197
Medicaid Managed Care - MODA,5021,Level 1 Type A ED Visits,97
Medicaid Managed Care - MODA,5022,Level 2 Type A ED Visits,160
Medicaid Managed Care - MODA,5023,Level 3 Type A ED Visits,379
Medicaid Managed Care - MODA,5024,Level 4 Type A ED Visits,1019
Medicaid Managed Care - MODA,5025,Level 5 Type A ED Visits,1857
Medicaid Managed Care - MODA,5045,Trauma Response with Critical Care,10077
Medicaid Managed Care - MODA,5051,Level 1 Skin Procedures,430
Medicaid Managed Care - MODA,5071,Level 1 Excision/ Biopsy/ Incision and Drainage,1157
Medicaid Managed Care - MODA,5072,Level 2 Excision/ Biopsy/ Incision and Drainage,2376
Medicaid Managed Care - MODA,5073,Level 3 Excision/ Biopsy/ Incision and Drainage,5035
Medicaid Managed Care - MODA,5112,Level 2 Musculoskeletal Procedures,3493
Medicaid Managed Care - MODA,5113,Level 3 Musculoskeletal Procedures,4038
Medicaid Managed Care - MODA,5114,Level 4 Musculoskeletal Procedures,9584
Medicaid Managed Care - MODA,5115,Level 5 Musculoskeletal Procedures,17109
Medicaid Managed Care - MODA,5116,Level 6 Musculoskeletal Procedures,17905
Medicaid Managed Care - MODA,5154,Level 4 Airway Endoscopy,5885
Medicaid Managed Care - MODA,5155,Level 5 Airway Endoscopy,11279
Medicaid Managed Care - MODA,5163,Level 3 ENT Procedures,2056
Medicaid Managed Care - MODA,5164,Level 4 ENT Procedures,3419
Medicaid Managed Care - MODA,5165,Level 5 ENT Procedures,3774
Medicaid Managed Care - MODA,5181,Level 1 Vascular Procedures,849
Medicaid Managed Care - MODA,5182,Level 2 Vascular Procedures,1003
Medicaid Managed Care - MODA,5183,Level 3 Vascular Procedures,4410
Medicaid Managed Care - MODA,5191,Level 1 Endovascular Procedures,7607
Medicaid Managed Care - MODA,5193,Level 3 Endovascular Procedures,20154
Medicaid Managed Care - MODA,5194,Level 4 Endovascular Procedures,21121
Medicaid Managed Care - MODA,5213,Level 3 Electrophysiologic Procedures,14647
Medicaid Managed Care - MODA,5232,Level 2 ICD and Similar Procedures,28779
Medicaid Managed Care - MODA,5301,Level 1 Upper GI Procedures,1958
Medicaid Managed Care - MODA,5302,Level 2 Upper GI Procedures,2483
Medicaid Managed Care - MODA,5303,Level 3 Upper GI Procedures,3952
Medicaid Managed Care - MODA,5311,Level 1 Lower GI Procedures,1562
Medicaid Managed Care - MODA,5312,Level 2 Lower GI Procedures,2765
Medicaid Managed Care - MODA,5341,Abdominal/Peritoneal/Biliary and Related Procedures,4501
Medicaid Managed Care - MODA,5361,Level 1 Laparoscopy and Related Services,9648
Medicaid Managed Care - MODA,5362,Level 2 Laparoscopy and Related Services,11099
Medicaid Managed Care - MODA,5374,Level 4 Urology and Related Services,4281
Medicaid Managed Care - MODA,5375,Level 5 Urology and Related Services,8743
Medicaid Managed Care - MODA,5411,Level 1 Gynecologic Procedures,411
Medicaid Managed Care - MODA,5414,Level 4 Gynecologic Procedures,3950
Medicaid Managed Care - MODA,5431,Level 1 Nerve Procedures,2725
Medicaid Managed Care - MODA,5441,Level 1 Nerve Injections,575
Medicaid Managed Care - MODA,5442,Level 2 Nerve Injections,1274
Medicaid Managed Care - MODA,5521,Level 1 Imaging without Contrast,186
Medicaid Managed Care - MODA,5522,Level 2 Imaging without Contrast,295
Medicaid Managed Care - MODA,5524,Level 4 Imaging without Contrast,905
Medicaid Managed Care - MODA,5573,Level 3 Imaging with Contrast,1809
Medicaid Managed Care - MODA,5591,Level 1 Nuclear Medicine and Related Services,815
Medicaid Managed Care - MODA,5592,Level 2 Nuclear Medicine and Related Services,721
Medicaid Managed Care - MODA,5594,Level 4 Nuclear Medicine and Related Services,2685
Medicaid Managed Care - MODA,5672,Level 2 Pathology,546
Medicaid Managed Care - MODA,5692,Level 2 Drug Administration,400
Medicaid Managed Care - MODA,5693,Level 3 Drug Administration,1301
Medicaid Managed Care - MODA,5722,Level 2 Diagnostic Tests and Related Services,758
Medicaid Managed Care - MODA,5733,Level 3 Minor Procedures,213
Medicaid Managed Care - MODA,5734,Level 4 Minor Procedures,381
Medicaid Managed Care - MODA,5781,Resuscitation and Cardioversion,1005
Medicaid Managed Care - MODA,N700,Non-OPPS Clinic Services,134
Medicaid Managed Care - MODA,N800,Clinical Diagnostic Lab Services,50
Medicaid Managed Care - MODA,N801,Therapy Services,129
Medicaid Managed Care - MODA,N804,Mammography Services,123
