Payer,APC,Description,Payer Specific Negotiated Charge
Medicare Managed Care - UHC,1506,New Technology - Level 6 ($401 - $500),502
Medicare Managed Care - UHC,5012,Clinic Visits and Related Services,135
Medicare Managed Care - UHC,5024,Level 4 Type A ED Visits,632
Medicare Managed Care - UHC,5025,Level 5 Type A ED Visits,1033
Medicare Managed Care - UHC,5041,Critical Care,2403
Medicare Managed Care - UHC,5052,Level 2 Skin Procedures,785
Medicare Managed Care - UHC,5054,Level 4 Skin Procedures,4983
Medicare Managed Care - UHC,5071,Level 1 Excision/ Biopsy/ Incision and Drainage,694
Medicare Managed Care - UHC,5072,Level 2 Excision/ Biopsy/ Incision and Drainage,1666
Medicare Managed Care - UHC,5073,Level 3 Excision/ Biopsy/ Incision and Drainage,2643
Medicare Managed Care - UHC,5091,Level 1 Breast/Lymphatic Surgery and Related Procedures,6171
Medicare Managed Care - UHC,5092,Level 2 Breast/Lymphatic Surgery and Related Procedures,6229
Medicare Managed Care - UHC,5093,Level 3 Breast/Lymphatic Surgery and Related Procedures,9948
Medicare Managed Care - UHC,5112,Level 2 Musculoskeletal Procedures,1553
Medicare Managed Care - UHC,5113,Level 3 Musculoskeletal Procedures,3156
Medicare Managed Care - UHC,5114,Level 4 Musculoskeletal Procedures,7114
Medicare Managed Care - UHC,5115,Level 5 Musculoskeletal Procedures,13945
Medicare Managed Care - UHC,5116,Level 6 Musculoskeletal Procedures,17907
Medicare Managed Care - UHC,5151,Level 1 Airway Endoscopy,437
Medicare Managed Care - UHC,5153,Level 3 Airway Endoscopy,1669
Medicare Managed Care - UHC,5154,Level 4 Airway Endoscopy,3455
Medicare Managed Care - UHC,5164,Level 4 ENT Procedures,3052
Medicare Managed Care - UHC,5165,Level 5 ENT Procedures,5777
Medicare Managed Care - UHC,5181,Level 1 Vascular Procedures,702
Medicare Managed Care - UHC,5182,Level 2 Vascular Procedures,1568
Medicare Managed Care - UHC,5183,Level 3 Vascular Procedures,3191
Medicare Managed Care - UHC,5184,Level 4 Vascular Procedures,5320
Medicare Managed Care - UHC,5191,Level 1 Endovascular Procedures,3247
Medicare Managed Care - UHC,5192,Level 2 Endovascular Procedures,5528
Medicare Managed Care - UHC,5193,Level 3 Endovascular Procedures,11200
Medicare Managed Care - UHC,5194,Level 4 Endovascular Procedures,17915
Medicare Managed Care - UHC,5213,Level 3 Electrophysiologic Procedures,23937
Medicare Managed Care - UHC,5223,Level 3 Pacemaker and Similar Procedures,11598
Medicare Managed Care - UHC,5231,Level 1 ICD and Similar Procedures,25694
Medicare Managed Care - UHC,5232,Level 2 ICD and Similar Procedures,36622
Medicare Managed Care - UHC,5241,Level 1 Blood Product Exchange and Related Services,1556
Medicare Managed Care - UHC,5302,Level 2 Upper GI Procedures,1812
Medicare Managed Care - UHC,5303,Level 3 Upper GI Procedures,3436
Medicare Managed Care - UHC,5311,Level 1 Lower GI Procedures,885
Medicare Managed Care - UHC,5312,Level 2 Lower GI Procedures,1178
Medicare Managed Care - UHC,5313,Level 3 Lower GI Procedures,2725
Medicare Managed Care - UHC,5341,Abdominal/Peritoneal/Biliary and Related Procedures,3550
Medicare Managed Care - UHC,5361,Level 1 Laparoscopy and Related Services,5643
Medicare Managed Care - UHC,5362,Level 2 Laparoscopy and Related Services,9934
Medicare Managed Care - UHC,5371,Level 1 Urology and Related Services,555
Medicare Managed Care - UHC,5373,Level 3 Urology and Related Services,2000
Medicare Managed Care - UHC,5374,Level 4 Urology and Related Services,3431
Medicare Managed Care - UHC,5375,Level 5 Urology and Related Services,4922
Medicare Managed Care - UHC,5378,Level 8 Urology and Related Services,20362
Medicare Managed Care - UHC,5401,Dialysis,1901
Medicare Managed Care - UHC,5411,Level 1 Gynecologic Procedures,444
Medicare Managed Care - UHC,5412,Level 2 Gynecologic Procedures,461
Medicare Managed Care - UHC,5414,Level 4 Gynecologic Procedures,2925
Medicare Managed Care - UHC,5415,Level 5 Gynecologic Procedures,4963
Medicare Managed Care - UHC,5416,Level 6 Gynecologic Procedures,7711
Medicare Managed Care - UHC,5431,Level 1 Nerve Procedures,1957
Medicare Managed Care - UHC,5441,Level 1 Nerve Injections,413
Medicare Managed Care - UHC,5442,Level 2 Nerve Injections,1128
Medicare Managed Care - UHC,5461,Level 1 Neurostimulator and Related Procedures,3653
Medicare Managed Care - UHC,5464,Level 4 Neurostimulator and Related Procedures,23048
Medicare Managed Care - UHC,5465,Level 5 Neurostimulator and Related Procedures,32890
Medicare Managed Care - UHC,5521,Level 1 Imaging without Contrast,92
Medicare Managed Care - UHC,5522,Level 2 Imaging without Contrast,122
Medicare Managed Care - UHC,5524,Level 4 Imaging without Contrast,549
Medicare Managed Care - UHC,5573,Level 3 Imaging with Contrast,1208
Medicare Managed Care - UHC,5591,Level 1 Nuclear Medicine and Related Services,428
Medicare Managed Care - UHC,5592,Level 2 Nuclear Medicine and Related Services,556
Medicare Managed Care - UHC,5593,Level 3 Nuclear Medicine and Related Services,2457
Medicare Managed Care - UHC,5594,Level 4 Nuclear Medicine and Related Services,1651
Medicare Managed Care - UHC,5661,Therapeutic Nuclear Medicine,4145
Medicare Managed Care - UHC,5671,Level 1 Pathology,56
Medicare Managed Care - UHC,5673,Level 3 Pathology,325
Medicare Managed Care - UHC,5693,Level 3 Drug Administration,701
Medicare Managed Care - UHC,5721,Level 1 Diagnostic Tests and Related Services,156
Medicare Managed Care - UHC,5722,Level 2 Diagnostic Tests and Related Services,295
Medicare Managed Care - UHC,5734,Level 4 Minor Procedures,186
Medicare Managed Care - UHC,5741,Level 1 Electronic Analysis of Devices,171
Medicare Managed Care - UHC,5771,Cardiac Rehabilitation,718
Medicare Managed Care - UHC,5781,Resuscitation and Cardioversion,948
Medicare Managed Care - UHC,N800,Clinical Diagnostic Lab Services,105
Medicare Managed Care - UHC,N801,Therapy Services,261
Medicare Managed Care - UHC,N804,Mammography Services,130
