Payer,APC,Description,Payer Specific Negotiated Charge
Medicare Managed Care - CHPW,1506,New Technology - Level 6 ($401 - $500),502
Medicare Managed Care - CHPW,5012,Clinic Visits and Related Services,213
Medicare Managed Care - CHPW,5024,Level 4 Type A ED Visits,633
Medicare Managed Care - CHPW,5025,Level 5 Type A ED Visits,944
Medicare Managed Care - CHPW,5052,Level 2 Skin Procedures,1178
Medicare Managed Care - CHPW,5053,Level 3 Skin Procedures,1934
Medicare Managed Care - CHPW,5071,Level 1 Excision/ Biopsy/ Incision and Drainage,694
Medicare Managed Care - CHPW,5072,Level 2 Excision/ Biopsy/ Incision and Drainage,1598
Medicare Managed Care - CHPW,5073,Level 3 Excision/ Biopsy/ Incision and Drainage,2643
Medicare Managed Care - CHPW,5091,Level 1 Breast/Lymphatic Surgery and Related Procedures,6171
Medicare Managed Care - CHPW,5092,Level 2 Breast/Lymphatic Surgery and Related Procedures,6171
Medicare Managed Care - CHPW,5101,Level 1 Strapping and Cast Application,310
Medicare Managed Care - CHPW,5112,Level 2 Musculoskeletal Procedures,1567
Medicare Managed Care - CHPW,5113,Level 3 Musculoskeletal Procedures,3187
Medicare Managed Care - CHPW,5114,Level 4 Musculoskeletal Procedures,7114
Medicare Managed Care - CHPW,5115,Level 5 Musculoskeletal Procedures,13945
Medicare Managed Care - CHPW,5153,Level 3 Airway Endoscopy,2562
Medicare Managed Care - CHPW,5154,Level 4 Airway Endoscopy,3455
Medicare Managed Care - CHPW,5163,Level 3 ENT Procedures,1536
Medicare Managed Care - CHPW,5164,Level 4 ENT Procedures,3052
Medicare Managed Care - CHPW,5181,Level 1 Vascular Procedures,604
Medicare Managed Care - CHPW,5182,Level 2 Vascular Procedures,1568
Medicare Managed Care - CHPW,5183,Level 3 Vascular Procedures,3191
Medicare Managed Care - CHPW,5184,Level 4 Vascular Procedures,5320
Medicare Managed Care - CHPW,5191,Level 1 Endovascular Procedures,3233
Medicare Managed Care - CHPW,5192,Level 2 Endovascular Procedures,5528
Medicare Managed Care - CHPW,5193,Level 3 Endovascular Procedures,11200
Medicare Managed Care - CHPW,5213,Level 3 Electrophysiologic Procedures,23937
Medicare Managed Care - CHPW,5223,Level 3 Pacemaker and Similar Procedures,11704
Medicare Managed Care - CHPW,5232,Level 2 ICD and Similar Procedures,37308
Medicare Managed Care - CHPW,5241,Level 1 Blood Product Exchange and Related Services,1933
Medicare Managed Care - CHPW,5302,Level 2 Upper GI Procedures,1812
Medicare Managed Care - CHPW,5311,Level 1 Lower GI Procedures,885
Medicare Managed Care - CHPW,5312,Level 2 Lower GI Procedures,1156
Medicare Managed Care - CHPW,5341,Abdominal/Peritoneal/Biliary and Related Procedures,3217
Medicare Managed Care - CHPW,5361,Level 1 Laparoscopy and Related Services,5643
Medicare Managed Care - CHPW,5362,Level 2 Laparoscopy and Related Services,9934
Medicare Managed Care - CHPW,5371,Level 1 Urology and Related Services,555
Medicare Managed Care - CHPW,5373,Level 3 Urology and Related Services,2000
Medicare Managed Care - CHPW,5374,Level 4 Urology and Related Services,3461
Medicare Managed Care - CHPW,5375,Level 5 Urology and Related Services,4922
Medicare Managed Care - CHPW,5401,Dialysis,1708
Medicare Managed Care - CHPW,5414,Level 4 Gynecologic Procedures,2980
Medicare Managed Care - CHPW,5416,Level 6 Gynecologic Procedures,7711
Medicare Managed Care - CHPW,5431,Level 1 Nerve Procedures,1957
Medicare Managed Care - CHPW,5441,Level 1 Nerve Injections,420
Medicare Managed Care - CHPW,5521,Level 1 Imaging without Contrast,90
Medicare Managed Care - CHPW,5522,Level 2 Imaging without Contrast,122
Medicare Managed Care - CHPW,5524,Level 4 Imaging without Contrast,539
Medicare Managed Care - CHPW,5573,Level 3 Imaging with Contrast,1208
Medicare Managed Care - CHPW,5591,Level 1 Nuclear Medicine and Related Services,511
Medicare Managed Care - CHPW,5593,Level 3 Nuclear Medicine and Related Services,1792
Medicare Managed Care - CHPW,5594,Level 4 Nuclear Medicine and Related Services,1651
Medicare Managed Care - CHPW,5671,Level 1 Pathology,55
Medicare Managed Care - CHPW,5672,Level 2 Pathology,215
Medicare Managed Care - CHPW,5673,Level 3 Pathology,325
Medicare Managed Care - CHPW,5694,Level 4 Drug Administration,3416
Medicare Managed Care - CHPW,5721,Level 1 Diagnostic Tests and Related Services,159
Medicare Managed Care - CHPW,5722,Level 2 Diagnostic Tests and Related Services,295
Medicare Managed Care - CHPW,5733,Level 3 Minor Procedures,102
Medicare Managed Care - CHPW,5734,Level 4 Minor Procedures,148
Medicare Managed Care - CHPW,5771,Cardiac Rehabilitation,647
Medicare Managed Care - CHPW,N800,Clinical Diagnostic Lab Services,105
Medicare Managed Care - CHPW,N801,Therapy Services,234
Medicare Managed Care - CHPW,N804,Mammography Services,130
