Payer,APC,Description,Payer Specific Negotiated Charge
First Choice,5012,Clinic Visits and Related Services,346
First Choice,5021,Level 1 Type A ED Visits,196
First Choice,5022,Level 2 Type A ED Visits,324
First Choice,5023,Level 3 Type A ED Visits,878
First Choice,5024,Level 4 Type A ED Visits,2007
First Choice,5025,Level 5 Type A ED Visits,3336
First Choice,5051,Level 1 Skin Procedures,862
First Choice,5052,Level 2 Skin Procedures,967
First Choice,5053,Level 3 Skin Procedures,1421
First Choice,5071,Level 1 Excision/ Biopsy/ Incision and Drainage,2497
First Choice,5072,Level 2 Excision/ Biopsy/ Incision and Drainage,4707
First Choice,5073,Level 3 Excision/ Biopsy/ Incision and Drainage,9580
First Choice,5091,Level 1 Breast/Lymphatic Surgery and Related Procedures,14073
First Choice,5112,Level 2 Musculoskeletal Procedures,3123
First Choice,5113,Level 3 Musculoskeletal Procedures,8104
First Choice,5114,Level 4 Musculoskeletal Procedures,16745
First Choice,5115,Level 5 Musculoskeletal Procedures,36197
First Choice,5164,Level 4 ENT Procedures,9734
First Choice,5165,Level 5 ENT Procedures,8792
First Choice,5181,Level 1 Vascular Procedures,3237
First Choice,5182,Level 2 Vascular Procedures,1835
First Choice,5183,Level 3 Vascular Procedures,11226
First Choice,5184,Level 4 Vascular Procedures,13437
First Choice,5191,Level 1 Endovascular Procedures,14184
First Choice,5192,Level 2 Endovascular Procedures,12516
First Choice,5193,Level 3 Endovascular Procedures,18559
First Choice,5231,Level 1 ICD and Similar Procedures,62318
First Choice,5301,Level 1 Upper GI Procedures,4542
First Choice,5302,Level 2 Upper GI Procedures,4733
First Choice,5311,Level 1 Lower GI Procedures,3716
First Choice,5312,Level 2 Lower GI Procedures,5014
First Choice,5341,Abdominal/Peritoneal/Biliary and Related Procedures,7644
First Choice,5361,Level 1 Laparoscopy and Related Services,17026
First Choice,5362,Level 2 Laparoscopy and Related Services,23063
First Choice,5374,Level 4 Urology and Related Services,12992
First Choice,5375,Level 5 Urology and Related Services,14809
First Choice,5414,Level 4 Gynecologic Procedures,7657
First Choice,5415,Level 5 Gynecologic Procedures,7070
First Choice,5521,Level 1 Imaging without Contrast,392
First Choice,5522,Level 2 Imaging without Contrast,581
First Choice,5523,Level 3 Imaging without Contrast,2256
First Choice,5524,Level 4 Imaging without Contrast,1662
First Choice,5573,Level 3 Imaging with Contrast,2902
First Choice,5592,Level 2 Nuclear Medicine and Related Services,1305
First Choice,5594,Level 4 Nuclear Medicine and Related Services,4515
First Choice,5692,Level 2 Drug Administration,544
First Choice,5722,Level 2 Diagnostic Tests and Related Services,1523
First Choice,5733,Level 3 Minor Procedures,184
First Choice,5734,Level 4 Minor Procedures,645
First Choice,5735,Level 5 Minor Procedures,799
First Choice,5771,Cardiac Rehabilitation,917
First Choice,N800,Clinical Diagnostic Lab Services,93
First Choice,N801,Therapy Services,278
First Choice,N804,Mammography Services,242
