Payer,APC,Description,Payer Specific Negotiated Charge
Medicare Managed Care - MODA,5012,Clinic Visits and Related Services,233
Medicare Managed Care - MODA,5023,Level 3 Type A ED Visits,436
Medicare Managed Care - MODA,5024,Level 4 Type A ED Visits,654
Medicare Managed Care - MODA,5025,Level 5 Type A ED Visits,1111
Medicare Managed Care - MODA,5054,Level 4 Skin Procedures,2310
Medicare Managed Care - MODA,5072,Level 2 Excision/ Biopsy/ Incision and Drainage,1644
Medicare Managed Care - MODA,5073,Level 3 Excision/ Biopsy/ Incision and Drainage,2769
Medicare Managed Care - MODA,5113,Level 3 Musculoskeletal Procedures,3307
Medicare Managed Care - MODA,5116,Level 6 Musculoskeletal Procedures,18651
Medicare Managed Care - MODA,5181,Level 1 Vascular Procedures,727
Medicare Managed Care - MODA,5183,Level 3 Vascular Procedures,3406
Medicare Managed Care - MODA,5191,Level 1 Endovascular Procedures,3387
Medicare Managed Care - MODA,5192,Level 2 Endovascular Procedures,5791
Medicare Managed Care - MODA,5193,Level 3 Endovascular Procedures,11843
Medicare Managed Care - MODA,5213,Level 3 Electrophysiologic Procedures,25533
Medicare Managed Care - MODA,5301,Level 1 Upper GI Procedures,2150
Medicare Managed Care - MODA,5302,Level 2 Upper GI Procedures,1899
Medicare Managed Care - MODA,5312,Level 2 Lower GI Procedures,1234
Medicare Managed Care - MODA,5375,Level 5 Urology and Related Services,5157
Medicare Managed Care - MODA,5521,Level 1 Imaging without Contrast,95
Medicare Managed Care - MODA,5522,Level 2 Imaging without Contrast,127
Medicare Managed Care - MODA,5591,Level 1 Nuclear Medicine and Related Services,441
Medicare Managed Care - MODA,5593,Level 3 Nuclear Medicine and Related Services,1526
Medicare Managed Care - MODA,5594,Level 4 Nuclear Medicine and Related Services,1729
Medicare Managed Care - MODA,5722,Level 2 Diagnostic Tests and Related Services,309
Medicare Managed Care - MODA,5734,Level 4 Minor Procedures,206
Medicare Managed Care - MODA,5781,Resuscitation and Cardioversion,778
Medicare Managed Care - MODA,N800,Clinical Diagnostic Lab Services,110
Medicare Managed Care - MODA,N804,Mammography Services,159
