APC,Description,De-Identified Maximum Negotiated Charge
1506,New Technology - Level 6 ($401 - $500),2285
5012,Clinic Visits and Related Services,354
5021,Level 1 Type A ED Visits,304
5022,Level 2 Type A ED Visits,596
5023,Level 3 Type A ED Visits,1600
5024,Level 4 Type A ED Visits,3241
5025,Level 5 Type A ED Visits,5495
5041,Critical Care,9241
5045,Trauma Response with Critical Care,28946
5051,Level 1 Skin Procedures,1429
5052,Level 2 Skin Procedures,2787
5053,Level 3 Skin Procedures,1968
5054,Level 4 Skin Procedures,7081
5055,Level 5 Skin Procedures,2796
5061,Hyperbaric Oxygen,13394
5071,Level 1 Excision/ Biopsy/ Incision and Drainage,2853
5072,Level 2 Excision/ Biopsy/ Incision and Drainage,6930
5073,Level 3 Excision/ Biopsy/ Incision and Drainage,11476
5091,Level 1 Breast/Lymphatic Surgery and Related Procedures,17277
5092,Level 2 Breast/Lymphatic Surgery and Related Procedures,16816
5093,Level 3 Breast/Lymphatic Surgery and Related Procedures,9948
5101,Level 1 Strapping and Cast Application,814
5111,Level 1 Musculoskeletal Procedures,748
5112,Level 2 Musculoskeletal Procedures,7295
5113,Level 3 Musculoskeletal Procedures,15378
5114,Level 4 Musculoskeletal Procedures,28037
5115,Level 5 Musculoskeletal Procedures,49926
5116,Level 6 Musculoskeletal Procedures,55070
5151,Level 1 Airway Endoscopy,498
5153,Level 3 Airway Endoscopy,9600
5154,Level 4 Airway Endoscopy,15769
5155,Level 5 Airway Endoscopy,11279
5161,Level 1 ENT Procedures,1689
5162,Level 2 ENT Procedures,2041
5163,Level 3 ENT Procedures,6767
5164,Level 4 ENT Procedures,12695
5165,Level 5 ENT Procedures,18017
5181,Level 1 Vascular Procedures,3435
5182,Level 2 Vascular Procedures,3355
5183,Level 3 Vascular Procedures,14436
5184,Level 4 Vascular Procedures,17815
5191,Level 1 Endovascular Procedures,19645
5192,Level 2 Endovascular Procedures,22678
5193,Level 3 Endovascular Procedures,40536
5194,Level 4 Endovascular Procedures,45737
5212,Level 2 Electrophysiologic Procedures,11177
5213,Level 3 Electrophysiologic Procedures,62781
5222,Level 2 Pacemaker and Similar Procedures,24568
5223,Level 3 Pacemaker and Similar Procedures,32335
5224,Level 4 Pacemaker and Similar Procedures,42536
5231,Level 1 ICD and Similar Procedures,62318
5232,Level 2 ICD and Similar Procedures,97973
5241,Level 1 Blood Product Exchange and Related Services,4517
5301,Level 1 Upper GI Procedures,6563
5302,Level 2 Upper GI Procedures,8264
5303,Level 3 Upper GI Procedures,3952
5311,Level 1 Lower GI Procedures,5955
5312,Level 2 Lower GI Procedures,7765
5313,Level 3 Lower GI Procedures,13944
5331,Complex GI Procedures,9088
5341,Abdominal/Peritoneal/Biliary and Related Procedures,13737
5361,Level 1 Laparoscopy and Related Services,23969
5362,Level 2 Laparoscopy and Related Services,37027
5371,Level 1 Urology and Related Services,2606
5372,Level 2 Urology and Related Services,781
5373,Level 3 Urology and Related Services,8124
5374,Level 4 Urology and Related Services,17102
5375,Level 5 Urology and Related Services,18687
5376,Level 6 Urology and Related Services,24857
5378,Level 8 Urology and Related Services,20556
5401,Dialysis,7785
5411,Level 1 Gynecologic Procedures,1203
5412,Level 2 Gynecologic Procedures,1788
5413,Level 3 Gynecologic Procedures,713
5414,Level 4 Gynecologic Procedures,12467
5415,Level 5 Gynecologic Procedures,20728
5416,Level 6 Gynecologic Procedures,20270
5431,Level 1 Nerve Procedures,5921
5441,Level 1 Nerve Injections,1722
5442,Level 2 Nerve Injections,5353
5443,Level 3 Nerve Injections,5414
5461,Level 1 Neurostimulator and Related Procedures,12583
5464,Level 4 Neurostimulator and Related Procedures,61952
5465,Level 5 Neurostimulator and Related Procedures,58790
5471,Implantation of Drug Infusion Device,18813
5521,Level 1 Imaging without Contrast,442
5522,Level 2 Imaging without Contrast,861
5523,Level 3 Imaging without Contrast,2256
5524,Level 4 Imaging without Contrast,2409
5571,Level 1 Imaging with Contrast,569
5572,Level 2 Imaging with Contrast,2124
5573,Level 3 Imaging with Contrast,4982
5591,Level 1 Nuclear Medicine and Related Services,1763
5592,Level 2 Nuclear Medicine and Related Services,2498
5593,Level 3 Nuclear Medicine and Related Services,7405
5594,Level 4 Nuclear Medicine and Related Services,6588
5661,Therapeutic Nuclear Medicine,4145
5671,Level 1 Pathology,148
5672,Level 2 Pathology,1438
5673,Level 3 Pathology,1740
5674,Level 4 Pathology,816
5692,Level 2 Drug Administration,1450
5693,Level 3 Drug Administration,2119
5694,Level 4 Drug Administration,14290
5721,Level 1 Diagnostic Tests and Related Services,662
5722,Level 2 Diagnostic Tests and Related Services,1523
5723,Level 3 Diagnostic Tests and Related Services,1178
5724,Level 4 Diagnostic Tests and Related Services,3003
5732,Level 2 Minor Procedures,162
5733,Level 3 Minor Procedures,480
5734,Level 4 Minor Procedures,775
5735,Level 5 Minor Procedures,1749
5741,Level 1 Electronic Analysis of Devices,171
5743,Level 3 Electronic Analysis of Devices,657
5771,Cardiac Rehabilitation,1931
5781,Resuscitation and Cardioversion,2963
5791,Pulmonary Treatment,648
5871,Dental Procedures,2517
N700,Non-OPPS Clinic Services,338
N800,Clinical Diagnostic Lab Services,153
N801,Therapy Services,475
N804,Mammography Services,375
N902,Packaged Services,570
