Payer,APC,Description,Payer Specific Negotiated Charge
Coordinated Care - Exchange,5041,Critical Care,4329
Coordinated Care - Exchange,5052,Level 2 Skin Procedures,1295
Coordinated Care - Exchange,5071,Level 1 Excision/ Biopsy/ Incision and Drainage,1144
Coordinated Care - Exchange,5072,Level 2 Excision/ Biopsy/ Incision and Drainage,2747
Coordinated Care - Exchange,5073,Level 3 Excision/ Biopsy/ Incision and Drainage,4440
Coordinated Care - Exchange,5091,Level 1 Breast/Lymphatic Surgery and Related Procedures,10175
Coordinated Care - Exchange,5092,Level 2 Breast/Lymphatic Surgery and Related Procedures,10364
Coordinated Care - Exchange,5111,Level 1 Musculoskeletal Procedures,748
Coordinated Care - Exchange,5114,Level 4 Musculoskeletal Procedures,17186
Coordinated Care - Exchange,5115,Level 5 Musculoskeletal Procedures,22991
Coordinated Care - Exchange,5154,Level 4 Airway Endoscopy,5801
Coordinated Care - Exchange,5181,Level 1 Vascular Procedures,1229
Coordinated Care - Exchange,5182,Level 2 Vascular Procedures,2633
Coordinated Care - Exchange,5183,Level 3 Vascular Procedures,5262
Coordinated Care - Exchange,5184,Level 4 Vascular Procedures,8771
Coordinated Care - Exchange,5191,Level 1 Endovascular Procedures,5430
Coordinated Care - Exchange,5192,Level 2 Endovascular Procedures,9282
Coordinated Care - Exchange,5193,Level 3 Endovascular Procedures,19166
Coordinated Care - Exchange,5194,Level 4 Endovascular Procedures,30076
Coordinated Care - Exchange,5212,Level 2 Electrophysiologic Procedures,11177
Coordinated Care - Exchange,5213,Level 3 Electrophysiologic Procedures,39467
Coordinated Care - Exchange,5241,Level 1 Blood Product Exchange and Related Services,1719
Coordinated Care - Exchange,5302,Level 2 Upper GI Procedures,2988
Coordinated Care - Exchange,5313,Level 3 Lower GI Procedures,4534
Coordinated Care - Exchange,5341,Abdominal/Peritoneal/Biliary and Related Procedures,5853
Coordinated Care - Exchange,5361,Level 1 Laparoscopy and Related Services,9305
Coordinated Care - Exchange,5362,Level 2 Laparoscopy and Related Services,16379
Coordinated Care - Exchange,5374,Level 4 Urology and Related Services,5656
Coordinated Care - Exchange,5375,Level 5 Urology and Related Services,8116
Coordinated Care - Exchange,5414,Level 4 Gynecologic Procedures,4913
Coordinated Care - Exchange,5415,Level 5 Gynecologic Procedures,8108
Coordinated Care - Exchange,5416,Level 6 Gynecologic Procedures,12493
Coordinated Care - Exchange,5521,Level 1 Imaging without Contrast,151
Coordinated Care - Exchange,5524,Level 4 Imaging without Contrast,888
Coordinated Care - Exchange,5573,Level 3 Imaging with Contrast,1315
Coordinated Care - Exchange,5591,Level 1 Nuclear Medicine and Related Services,693
Coordinated Care - Exchange,5592,Level 2 Nuclear Medicine and Related Services,908
Coordinated Care - Exchange,5593,Level 3 Nuclear Medicine and Related Services,4276
Coordinated Care - Exchange,5594,Level 4 Nuclear Medicine and Related Services,2722
Coordinated Care - Exchange,5692,Level 2 Drug Administration,1356
Coordinated Care - Exchange,5694,Level 4 Drug Administration,5440
Coordinated Care - Exchange,5722,Level 2 Diagnostic Tests and Related Services,486
Coordinated Care - Exchange,5734,Level 4 Minor Procedures,239
Coordinated Care - Exchange,5771,Cardiac Rehabilitation,1280
Coordinated Care - Exchange,N800,Clinical Diagnostic Lab Services,153
Coordinated Care - Exchange,N801,Therapy Services,399
Coordinated Care - Exchange,N804,Mammography Services,214
