Payer,APC,Description,Payer Specific Negotiated Charge
Premera Heritage,1506,New Technology - Level 6 ($401 - $500),1408
Premera Heritage,5022,Level 2 Type A ED Visits,306
Premera Heritage,5023,Level 3 Type A ED Visits,726
Premera Heritage,5024,Level 4 Type A ED Visits,1695
Premera Heritage,5025,Level 5 Type A ED Visits,2636
Premera Heritage,5041,Critical Care,3862
Premera Heritage,5051,Level 1 Skin Procedures,869
Premera Heritage,5052,Level 2 Skin Procedures,1300
Premera Heritage,5071,Level 1 Excision/ Biopsy/ Incision and Drainage,2041
Premera Heritage,5072,Level 2 Excision/ Biopsy/ Incision and Drainage,3479
Premera Heritage,5101,Level 1 Strapping and Cast Application,626
Premera Heritage,5112,Level 2 Musculoskeletal Procedures,4986
Premera Heritage,5153,Level 3 Airway Endoscopy,3126
Premera Heritage,5181,Level 1 Vascular Procedures,1509
Premera Heritage,5183,Level 3 Vascular Procedures,6675
Premera Heritage,5191,Level 1 Endovascular Procedures,6997
Premera Heritage,5213,Level 3 Electrophysiologic Procedures,49107
Premera Heritage,5241,Level 1 Blood Product Exchange and Related Services,2760
Premera Heritage,5411,Level 1 Gynecologic Procedures,398
Premera Heritage,5521,Level 1 Imaging without Contrast,191
Premera Heritage,5522,Level 2 Imaging without Contrast,268
Premera Heritage,5523,Level 3 Imaging without Contrast,788
Premera Heritage,5524,Level 4 Imaging without Contrast,1153
Premera Heritage,5571,Level 1 Imaging with Contrast,569
Premera Heritage,5573,Level 3 Imaging with Contrast,1630
Premera Heritage,5591,Level 1 Nuclear Medicine and Related Services,881
Premera Heritage,5592,Level 2 Nuclear Medicine and Related Services,1130
Premera Heritage,5593,Level 3 Nuclear Medicine and Related Services,6510
Premera Heritage,5594,Level 4 Nuclear Medicine and Related Services,3465
Premera Heritage,5672,Level 2 Pathology,1438
Premera Heritage,5693,Level 3 Drug Administration,1324
Premera Heritage,5721,Level 1 Diagnostic Tests and Related Services,662
Premera Heritage,5722,Level 2 Diagnostic Tests and Related Services,606
Premera Heritage,5733,Level 3 Minor Procedures,132
Premera Heritage,5734,Level 4 Minor Procedures,775
Premera Heritage,5771,Cardiac Rehabilitation,1712
Premera Heritage,5781,Resuscitation and Cardioversion,1578
Premera Heritage,N800,Clinical Diagnostic Lab Services,107
