Payer,APC,Description,Payer Specific Negotiated Charge
Molina,5025,Level 5 Type A ED Visits,2518
Molina,5052,Level 2 Skin Procedures,1329
Molina,5114,Level 4 Musculoskeletal Procedures,13928
Molina,5115,Level 5 Musculoskeletal Procedures,14842
Molina,5232,Level 2 ICD and Similar Procedures,32128
Molina,5521,Level 1 Imaging without Contrast,318
Molina,5522,Level 2 Imaging without Contrast,371
Molina,5523,Level 3 Imaging without Contrast,1762
Molina,5524,Level 4 Imaging without Contrast,1591
Molina,5572,Level 2 Imaging with Contrast,2124
Molina,5573,Level 3 Imaging with Contrast,2297
Molina,5593,Level 3 Nuclear Medicine and Related Services,7059
Molina,5722,Level 2 Diagnostic Tests and Related Services,935
Molina,5733,Level 3 Minor Procedures,126
Molina,5734,Level 4 Minor Procedures,663
Molina,N700,Non-OPPS Clinic Services,203
Molina,N801,Therapy Services,386
