Payer,APC,Description,Payer Specific Negotiated Charge
Medicaid Managed Care - Molina,5053,Level 3 Skin Procedures,1746
Medicaid Managed Care - Molina,5054,Level 4 Skin Procedures,1621
Medicaid Managed Care - Molina,5055,Level 5 Skin Procedures,2796
Medicaid Managed Care - Molina,5091,Level 1 Breast/Lymphatic Surgery and Related Procedures,2954
Medicaid Managed Care - Molina,5092,Level 2 Breast/Lymphatic Surgery and Related Procedures,4305
Medicaid Managed Care - Molina,5151,Level 1 Airway Endoscopy,498
Medicaid Managed Care - Molina,5153,Level 3 Airway Endoscopy,2220
Medicaid Managed Care - Molina,5154,Level 4 Airway Endoscopy,2012
Medicaid Managed Care - Molina,5155,Level 5 Airway Endoscopy,3732
Medicaid Managed Care - Molina,5521,Level 1 Imaging without Contrast,60
Medicaid Managed Care - Molina,5523,Level 3 Imaging without Contrast,370
Medicaid Managed Care - Molina,5572,Level 2 Imaging with Contrast,785
Medicaid Managed Care - Molina,5593,Level 3 Nuclear Medicine and Related Services,1951
Medicaid Managed Care - Molina,5694,Level 4 Drug Administration,2407
Medicaid Managed Care - Molina,5722,Level 2 Diagnostic Tests and Related Services,201
Medicaid Managed Care - Molina,5723,Level 3 Diagnostic Tests and Related Services,1034
Medicaid Managed Care - Molina,5724,Level 4 Diagnostic Tests and Related Services,3003
Medicaid Managed Care - Molina,5871,Dental Procedures,1556
Medicaid Managed Care - Molina,N902,Packaged Services,298
