Payer,APC,Description,Payer Specific Negotiated Charge
MODA,5021,Level 1 Type A ED Visits,289
MODA,5022,Level 2 Type A ED Visits,596
MODA,5023,Level 3 Type A ED Visits,1467
MODA,5024,Level 4 Type A ED Visits,3180
MODA,5025,Level 5 Type A ED Visits,5357
MODA,5051,Level 1 Skin Procedures,1429
MODA,5071,Level 1 Excision/ Biopsy/ Incision and Drainage,2664
MODA,5072,Level 2 Excision/ Biopsy/ Incision and Drainage,6930
MODA,5073,Level 3 Excision/ Biopsy/ Incision and Drainage,11476
MODA,5112,Level 2 Musculoskeletal Procedures,7295
MODA,5114,Level 4 Musculoskeletal Procedures,26729
MODA,5115,Level 5 Musculoskeletal Procedures,49863
MODA,5116,Level 6 Musculoskeletal Procedures,55070
MODA,5154,Level 4 Airway Endoscopy,11232
MODA,5163,Level 3 ENT Procedures,5431
MODA,5182,Level 2 Vascular Procedures,3005
MODA,5193,Level 3 Endovascular Procedures,32154
MODA,5194,Level 4 Endovascular Procedures,45737
MODA,5213,Level 3 Electrophysiologic Procedures,56059
MODA,5301,Level 1 Upper GI Procedures,3076
MODA,5302,Level 2 Upper GI Procedures,7491
MODA,5311,Level 1 Lower GI Procedures,5955
MODA,5312,Level 2 Lower GI Procedures,6640
MODA,5341,Abdominal/Peritoneal/Biliary and Related Procedures,11358
MODA,5361,Level 1 Laparoscopy and Related Services,22274
MODA,5362,Level 2 Laparoscopy and Related Services,37027
MODA,5371,Level 1 Urology and Related Services,1886
MODA,5373,Level 3 Urology and Related Services,8124
MODA,5375,Level 5 Urology and Related Services,18687
MODA,5441,Level 1 Nerve Injections,1721
MODA,5465,Level 5 Neurostimulator and Related Procedures,51643
MODA,5522,Level 2 Imaging without Contrast,855
MODA,5524,Level 4 Imaging without Contrast,1533
MODA,5573,Level 3 Imaging with Contrast,3179
MODA,5591,Level 1 Nuclear Medicine and Related Services,1582
MODA,5592,Level 2 Nuclear Medicine and Related Services,1913
MODA,5593,Level 3 Nuclear Medicine and Related Services,7305
MODA,5594,Level 4 Nuclear Medicine and Related Services,6588
MODA,5693,Level 3 Drug Administration,1229
MODA,5694,Level 4 Drug Administration,9030
MODA,5721,Level 1 Diagnostic Tests and Related Services,433
MODA,5733,Level 3 Minor Procedures,480
MODA,5734,Level 4 Minor Procedures,711
MODA,N800,Clinical Diagnostic Lab Services,137
MODA,N801,Therapy Services,311
MODA,N804,Mammography Services,356
