Payer,APC,Description,Payer Specific Negotiated Charge
Medicaid Managed Care - Amerigroup,5041,Critical Care,1449
Medicaid Managed Care - Amerigroup,5061,Hyperbaric Oxygen,2844
Medicaid Managed Care - Amerigroup,5073,Level 3 Excision/ Biopsy/ Incision and Drainage,1619
Medicaid Managed Care - Amerigroup,5092,Level 2 Breast/Lymphatic Surgery and Related Procedures,3787
Medicaid Managed Care - Amerigroup,5155,Level 5 Airway Endoscopy,4127
Medicaid Managed Care - Amerigroup,5192,Level 2 Endovascular Procedures,3585
Medicaid Managed Care - Amerigroup,5375,Level 5 Urology and Related Services,2662
Medicaid Managed Care - Amerigroup,5411,Level 1 Gynecologic Procedures,178
Medicaid Managed Care - Amerigroup,5415,Level 5 Gynecologic Procedures,2476
Medicaid Managed Care - Amerigroup,5523,Level 3 Imaging without Contrast,359
Medicaid Managed Care - Amerigroup,5571,Level 1 Imaging with Contrast,225
Medicaid Managed Care - Amerigroup,5572,Level 2 Imaging with Contrast,778
Medicaid Managed Care - Amerigroup,5593,Level 3 Nuclear Medicine and Related Services,1839
Medicaid Managed Care - Amerigroup,5673,Level 3 Pathology,790
Medicaid Managed Care - Amerigroup,5693,Level 3 Drug Administration,432
Medicaid Managed Care - Amerigroup,5722,Level 2 Diagnostic Tests and Related Services,224
Medicaid Managed Care - Amerigroup,5871,Dental Procedures,2517
Medicaid Managed Care - Amerigroup,N700,Non-OPPS Clinic Services,41
