Payer,APC,Description,Payer Specific Negotiated Charge
Premera Lifewise,5025,Level 5 Type A ED Visits,1487
Premera Lifewise,5041,Critical Care,2009
Premera Lifewise,5045,Trauma Response with Critical Care,4775
Premera Lifewise,5052,Level 2 Skin Procedures,2030
Premera Lifewise,5071,Level 1 Excision/ Biopsy/ Incision and Drainage,1124
Premera Lifewise,5072,Level 2 Excision/ Biopsy/ Incision and Drainage,2723
Premera Lifewise,5091,Level 1 Breast/Lymphatic Surgery and Related Procedures,10001
Premera Lifewise,5112,Level 2 Musculoskeletal Procedures,2516
Premera Lifewise,5114,Level 4 Musculoskeletal Procedures,11426
Premera Lifewise,5115,Level 5 Musculoskeletal Procedures,22871
Premera Lifewise,5165,Level 5 ENT Procedures,9192
Premera Lifewise,5223,Level 3 Pacemaker and Similar Procedures,19139
Premera Lifewise,5301,Level 1 Upper GI Procedures,2408
Premera Lifewise,5302,Level 2 Upper GI Procedures,2963
Premera Lifewise,5312,Level 2 Lower GI Procedures,1874
Premera Lifewise,5331,Complex GI Procedures,9088
Premera Lifewise,5341,Abdominal/Peritoneal/Biliary and Related Procedures,5753
Premera Lifewise,5361,Level 1 Laparoscopy and Related Services,9146
Premera Lifewise,5362,Level 2 Laparoscopy and Related Services,16099
Premera Lifewise,5373,Level 3 Urology and Related Services,3296
Premera Lifewise,5374,Level 4 Urology and Related Services,5609
Premera Lifewise,5375,Level 5 Urology and Related Services,7977
Premera Lifewise,5411,Level 1 Gynecologic Procedures,657
Premera Lifewise,5414,Level 4 Gynecologic Procedures,4741
Premera Lifewise,5442,Level 2 Nerve Injections,2678
Premera Lifewise,5521,Level 1 Imaging without Contrast,149
Premera Lifewise,5591,Level 1 Nuclear Medicine and Related Services,682
Premera Lifewise,5592,Level 2 Nuclear Medicine and Related Services,893
Premera Lifewise,5593,Level 3 Nuclear Medicine and Related Services,3622
Premera Lifewise,5693,Level 3 Drug Administration,2119
Premera Lifewise,5721,Level 1 Diagnostic Tests and Related Services,252
Premera Lifewise,5722,Level 2 Diagnostic Tests and Related Services,478
Premera Lifewise,5733,Level 3 Minor Procedures,101
Premera Lifewise,5734,Level 4 Minor Procedures,226
Premera Lifewise,5771,Cardiac Rehabilitation,839
Premera Lifewise,N700,Non-OPPS Clinic Services,160
Premera Lifewise,N800,Clinical Diagnostic Lab Services,153
Premera Lifewise,N801,Therapy Services,282
Premera Lifewise,N804,Mammography Services,211
